image,predicted_class,confidence,num_detections,timestamp
AoF00011.jpg,none,0.0,0,1781914024.51
AoF00017.jpg,none,0.0,0,1781914024.76
AoF00023.jpg,none,0.0,0,1781914025.0
AoF00045.jpg,none,0.0,0,1781914025.25
AoF00054.jpg,none,0.0,0,1781914025.49
AoF00058.jpg,none,0.0,0,1781914025.73
AoF00070.jpg,none,0.0,0,1781914025.97
AoF00087.jpg,none,0.0,0,1781914026.21
AoF00102.jpg,none,0.0,0,1781914026.45
AoF00105.jpg,none,0.0,0,1781914026.7
AoF00120.jpg,none,0.0,0,1781914026.94
AoF00128.jpg,none,0.0,0,1781914027.18
AoF00139.jpg,none,0.0,0,1781914027.42
AoF00150.jpg,none,0.0,0,1781914027.67
AoF00151.jpg,none,0.0,0,1781914027.91
AoF00158.jpg,none,0.0,0,1781914028.15
AoF00182.jpg,none,0.0,0,1781914028.39
AoF00192.jpg,none,0.0,0,1781914028.63
AoF00218.jpg,none,0.0,0,1781914028.87
AoF00229.jpg,fire,0.4373,1,1781914029.11
AoF00231.jpg,none,0.0,0,1781914029.36
AoF00255.jpg,none,0.0,0,1781914029.6
AoF00272.jpg,none,0.0,0,1781914029.84
AoF00281.jpg,none,0.0,0,1781914030.09
AoF00291.jpg,none,0.0,0,1781914030.33
AoF00301.jpg,none,0.0,0,1781914030.57
AoF00306.jpg,none,0.0,0,1781914030.82
AoF00308.jpg,none,0.0,0,1781914031.06
AoF00318.jpg,none,0.0,0,1781914031.3
AoF00357.jpg,none,0.0,0,1781914031.55
AoF00367.jpg,none,0.0,0,1781914031.79
AoF00370.jpg,none,0.0,0,1781914032.04
AoF00380.jpg,none,0.0,0,1781914032.28
AoF00398.jpg,none,0.0,0,1781914032.55
AoF00408.jpg,none,0.0,0,1781914032.79
AoF00417.jpg,none,0.0,0,1781914033.04
AoF00428.jpg,none,0.0,0,1781914033.28
AoF00448.jpg,none,0.0,0,1781914033.53
AoF00460.jpg,none,0.0,0,1781914033.77
AoF00478.jpg,none,0.0,0,1781914034.02
AoF00489.jpg,none,0.0,0,1781914034.26
AoF00495.jpg,none,0.0,0,1781914034.52
AoF00502.jpg,none,0.0,0,1781914034.76
AoF00505.jpg,none,0.0,0,1781914035.0
AoF00507.jpg,none,0.0,0,1781914035.24
AoF00518.jpg,none,0.0,0,1781914035.49
AoF00538.jpg,none,0.0,0,1781914035.73
AoF00558.jpg,none,0.0,0,1781914035.97
AoF00571.jpg,none,0.0,0,1781914036.22
AoF00583.jpg,none,0.0,0,1781914036.46
AoF00588.jpg,none,0.0,0,1781914036.7
AoF00605.jpg,none,0.0,0,1781914036.95
AoF00615.jpg,none,0.0,0,1781914037.19
AoF00646.jpg,none,0.0,0,1781914037.43
AoF00657.jpg,none,0.0,0,1781914037.68
AoF00679.jpg,none,0.0,0,1781914037.92
AoF00705.jpg,none,0.0,0,1781914038.16
AoF00707.jpg,none,0.0,0,1781914038.41
AoF00728.jpg,none,0.0,0,1781914038.65
AoF00732.jpg,none,0.0,0,1781914038.89
AoF00740.jpg,none,0.0,0,1781914039.14
AoF00747.jpg,fire,0.4507,1,1781914039.38
AoF00754.jpg,none,0.0,0,1781914039.62
AoF00764.jpg,none,0.0,0,1781914039.87
AoF00767.jpg,none,0.0,0,1781914040.11
AoF00768.jpg,none,0.0,0,1781914040.35
AoF00770.jpg,none,0.0,0,1781914040.6
AoF00771.jpg,none,0.0,0,1781914040.84
AoF00775.jpg,none,0.0,0,1781914041.08
AoF00801.jpg,none,0.0,0,1781914041.33
AoF00807.jpg,none,0.0,0,1781914041.57
AoF00814.jpg,none,0.0,0,1781914041.81
AoF00826.jpg,none,0.0,0,1781914042.04
AoF00831.jpg,none,0.0,0,1781914042.29
AoF00835.jpg,none,0.0,0,1781914042.53
AoF00837.jpg,none,0.0,0,1781914042.78
AoF00854.jpg,none,0.0,0,1781914043.02
AoF00856.jpg,none,0.0,0,1781914043.26
AoF00859.jpg,none,0.0,0,1781914043.51
AoF00889.jpg,none,0.0,0,1781914043.75
AoF00891.jpg,fire,0.2598,1,1781914043.99
AoF00893.jpg,none,0.0,0,1781914044.24
AoF00897.jpg,none,0.0,0,1781914044.48
AoF00906.jpg,none,0.0,0,1781914044.73
AoF00918.jpg,none,0.0,0,1781914044.97
AoF00923.jpg,none,0.0,0,1781914045.21
AoF00941.jpg,none,0.0,0,1781914045.45
AoF00946.jpg,none,0.0,0,1781914045.7
AoF00969.jpg,none,0.0,0,1781914045.94
AoF00972.jpg,none,0.0,0,1781914046.18
AoF00983.jpg,none,0.0,0,1781914046.42
AoF00986.jpg,none,0.0,0,1781914046.67
AoF00990.jpg,none,0.0,0,1781914046.91
AoF00995.jpg,none,0.0,0,1781914047.15
AoF01000.jpg,none,0.0,0,1781914047.39
AoF01009.jpg,none,0.0,0,1781914047.63
AoF01018.jpg,none,0.0,0,1781914047.87
AoF01019.jpg,none,0.0,0,1781914048.12
AoF01024.jpg,none,0.0,0,1781914048.36
AoF01035.jpg,none,0.0,0,1781914048.6
AoF01036.jpg,none,0.0,0,1781914048.84
AoF01039.jpg,none,0.0,0,1781914049.09
AoF01049.jpg,none,0.0,0,1781914049.33
AoF01068.jpg,none,0.0,0,1781914049.57
AoF01073.jpg,none,0.0,0,1781914049.82
AoF01083.jpg,none,0.0,0,1781914050.06
AoF01092.jpg,none,0.0,0,1781914050.3
AoF01108.jpg,none,0.0,0,1781914050.54
AoF01109.jpg,none,0.0,0,1781914050.79
AoF01115.jpg,none,0.0,0,1781914051.03
AoF01127.jpg,none,0.0,0,1781914051.27
AoF01137.jpg,none,0.0,0,1781914051.52
AoF01143.jpg,none,0.0,0,1781914051.76
AoF01149.jpg,none,0.0,0,1781914052.0
AoF01152.jpg,none,0.0,0,1781914052.25
AoF01183.jpg,none,0.0,0,1781914052.49
AoF01192.jpg,none,0.0,0,1781914052.73
AoF01205.jpg,none,0.0,0,1781914052.97
AoF01209.jpg,none,0.0,0,1781914053.21
AoF01228.jpg,none,0.0,0,1781914053.46
AoF01231.jpg,none,0.0,0,1781914053.7
AoF01244.jpg,none,0.0,0,1781914053.94
AoF01251.jpg,none,0.0,0,1781914054.19
AoF01257.jpg,none,0.0,0,1781914054.43
AoF01269.jpg,none,0.0,0,1781914054.67
AoF01286.jpg,none,0.0,0,1781914054.91
AoF01292.jpg,none,0.0,0,1781914055.16
AoF01301.jpg,none,0.0,0,1781914055.4
AoF01327.jpg,none,0.0,0,1781914055.64
AoF01349.jpg,none,0.0,0,1781914055.88
AoF01352.jpg,none,0.0,0,1781914056.13
AoF01356.jpg,none,0.0,0,1781914056.37
AoF01373.jpg,none,0.0,0,1781914056.61
AoF01377.jpg,none,0.0,0,1781914056.85
AoF01383.jpg,none,0.0,0,1781914057.09
AoF01387.jpg,none,0.0,0,1781914057.33
AoF01389.jpg,none,0.0,0,1781914057.57
AoF01423.jpg,none,0.0,0,1781914057.82
AoF01448.jpg,none,0.0,0,1781914058.06
AoF01450.jpg,none,0.0,0,1781914058.3
AoF01457.jpg,none,0.0,0,1781914058.54
AoF01464.jpg,fire,0.3037,1,1781914058.78
AoF01477.jpg,none,0.0,0,1781914059.03
AoF01485.jpg,none,0.0,0,1781914059.27
AoF01486.jpg,none,0.0,0,1781914059.51
AoF01507.jpg,none,0.0,0,1781914059.75
AoF01509.jpg,none,0.0,0,1781914059.99
AoF01513.jpg,none,0.0,0,1781914060.24
AoF01525.jpg,none,0.0,0,1781914060.48
AoF01533.jpg,none,0.0,0,1781914060.72
AoF01537.jpg,none,0.0,0,1781914060.97
AoF01552.jpg,none,0.0,0,1781914061.21
AoF01559.jpg,none,0.0,0,1781914061.46
AoF01570.jpg,none,0.0,0,1781914061.7
AoF01571.jpg,none,0.0,0,1781914061.95
AoF01575.jpg,none,0.0,0,1781914062.19
AoF01576.jpg,none,0.0,0,1781914062.43
AoF01588.jpg,none,0.0,0,1781914062.67
AoF01592.jpg,none,0.0,0,1781914062.92
AoF01593.jpg,none,0.0,0,1781914063.16
AoF01598.jpg,none,0.0,0,1781914063.4
AoF01612.jpg,none,0.0,0,1781914063.64
AoF01621.jpg,none,0.0,0,1781914063.88
AoF01653.jpg,none,0.0,0,1781914064.13
AoF01671.jpg,none,0.0,0,1781914064.37
AoF01677.jpg,none,0.0,0,1781914064.61
AoF01683.jpg,fire,0.3984,1,1781914064.85
AoF01690.jpg,none,0.0,0,1781914065.1
AoF01718.jpg,none,0.0,0,1781914065.34
AoF01726.jpg,none,0.0,0,1781914065.58
AoF01741.jpg,none,0.0,0,1781914065.83
AoF01742.jpg,none,0.0,0,1781914066.07
AoF01757.jpg,none,0.0,0,1781914066.31
AoF01783.jpg,none,0.0,0,1781914066.55
AoF01788.jpg,none,0.0,0,1781914066.79
AoF01789.jpg,none,0.0,0,1781914067.04
AoF01800.jpg,none,0.0,0,1781914067.28
AoF01804.jpg,none,0.0,0,1781914067.52
AoF01812.jpg,none,0.0,0,1781914067.76
AoF01813.jpg,none,0.0,0,1781914068.0
AoF01817.jpg,none,0.0,0,1781914068.25
AoF01828.jpg,none,0.0,0,1781914068.49
AoF01843.jpg,none,0.0,0,1781914068.73
AoF01865.jpg,none,0.0,0,1781914068.97
AoF01881.jpg,none,0.0,0,1781914069.21
AoF01902.jpg,none,0.0,0,1781914069.46
AoF01914.jpg,none,0.0,0,1781914069.7
AoF01927.jpg,none,0.0,0,1781914069.94
AoF01928.jpg,none,0.0,0,1781914070.19
AoF01956.jpg,none,0.0,0,1781914070.43
AoF01970.jpg,none,0.0,0,1781914070.67
AoF01974.jpg,none,0.0,0,1781914070.92
AoF01976.jpg,none,0.0,0,1781914071.16
AoF01978.jpg,none,0.0,0,1781914071.4
AoF01985.jpg,none,0.0,0,1781914071.64
AoF01997.jpg,none,0.0,0,1781914071.89
AoF01998.jpg,none,0.0,0,1781914072.15
AoF01999.jpg,none,0.0,0,1781914072.39
AoF02000.jpg,none,0.0,0,1781914072.63
AoF02001.jpg,none,0.0,0,1781914072.88
AoF02003.jpg,none,0.0,0,1781914073.12
AoF02006.jpg,none,0.0,0,1781914073.36
AoF02015.jpg,none,0.0,0,1781914073.6
AoF02024.jpg,none,0.0,0,1781914073.85
AoF02027.jpg,none,0.0,0,1781914074.1
AoF02046.jpg,none,0.0,0,1781914074.34
AoF02049.jpg,none,0.0,0,1781914074.58
AoF02050.jpg,none,0.0,0,1781914074.82
AoF02057.jpg,none,0.0,0,1781914075.06
AoF02061.jpg,none,0.0,0,1781914075.31
AoF02063.jpg,none,0.0,0,1781914075.55
AoF02066.jpg,none,0.0,0,1781914075.79
AoF02074.jpg,none,0.0,0,1781914076.04
AoF02085.jpg,none,0.0,0,1781914076.28
AoF02108.jpg,none,0.0,0,1781914076.52
AoF02123.jpg,none,0.0,0,1781914076.77
AoF02136.jpg,none,0.0,0,1781914077.01
AoF02148.jpg,none,0.0,0,1781914077.25
AoF02152.jpg,none,0.0,0,1781914077.49
AoF02154.jpg,none,0.0,0,1781914077.74
AoF02156.jpg,none,0.0,0,1781914077.98
AoF02157.jpg,none,0.0,0,1781914078.22
AoF02168.jpg,none,0.0,0,1781914078.46
AoF02184.jpg,none,0.0,0,1781914078.7
AoF02200.jpg,none,0.0,0,1781914078.94
AoF02213.jpg,none,0.0,0,1781914079.19
AoF02214.jpg,none,0.0,0,1781914079.43
AoF02220.jpg,none,0.0,0,1781914079.67
AoF02255.jpg,none,0.0,0,1781914079.91
AoF02256.jpg,none,0.0,0,1781914080.16
AoF02258.jpg,none,0.0,0,1781914080.4
AoF02262.jpg,none,0.0,0,1781914080.64
AoF02270.jpg,none,0.0,0,1781914080.89
AoF02272.jpg,none,0.0,0,1781914081.13
AoF02275.jpg,none,0.0,0,1781914081.37
AoF02281.jpg,none,0.0,0,1781914081.62
AoF02285.jpg,none,0.0,0,1781914081.86
AoF02286.jpg,none,0.0,0,1781914082.11
AoF02301.jpg,none,0.0,0,1781914082.36
AoF02305.jpg,none,0.0,0,1781914082.61
AoF02319.jpg,none,0.0,0,1781914082.85
AoF02325.jpg,none,0.0,0,1781914083.09
AoF02331.jpg,none,0.0,0,1781914083.34
AoF02340.jpg,none,0.0,0,1781914083.58
AoF02363.jpg,none,0.0,0,1781914083.82
AoF02369.jpg,none,0.0,0,1781914084.07
AoF02380.jpg,none,0.0,0,1781914084.31
AoF02384.jpg,none,0.0,0,1781914084.56
AoF02393.jpg,none,0.0,0,1781914084.8
AoF02414.jpg,none,0.0,0,1781914085.04
AoF02417.jpg,none,0.0,0,1781914085.28
AoF02430.jpg,none,0.0,0,1781914085.52
AoF02434.jpg,none,0.0,0,1781914085.77
AoF02435.jpg,none,0.0,0,1781914086.01
AoF02462.jpg,none,0.0,0,1781914086.26
AoF02483.jpg,none,0.0,0,1781914086.5
AoF02513.jpg,none,0.0,0,1781914086.74
AoF02518.jpg,none,0.0,0,1781914086.99
AoF02519.jpg,none,0.0,0,1781914087.23
AoF02529.jpg,none,0.0,0,1781914087.47
AoF02535.jpg,none,0.0,0,1781914087.71
AoF02553.jpg,none,0.0,0,1781914087.96
AoF02559.jpg,none,0.0,0,1781914088.2
AoF02572.jpg,none,0.0,0,1781914088.44
AoF02587.jpg,none,0.0,0,1781914088.68
AoF02589.jpg,none,0.0,0,1781914088.93
AoF02599.jpg,none,0.0,0,1781914089.17
AoF02614.jpg,none,0.0,0,1781914089.41
AoF02620.jpg,none,0.0,0,1781914089.66
AoF02626.jpg,none,0.0,0,1781914089.9
AoF02629.jpg,none,0.0,0,1781914090.14
AoF02677.jpg,none,0.0,0,1781914090.38
AoF02696.jpg,none,0.0,0,1781914090.63
AoF02700.jpg,none,0.0,0,1781914090.87
AoF02717.jpg,none,0.0,0,1781914091.11
AoF02723.jpg,none,0.0,0,1781914091.36
AoF02726.jpg,none,0.0,0,1781914091.6
AoF02732.jpg,none,0.0,0,1781914091.84
AoF02737.jpg,none,0.0,0,1781914092.08
AoF02746.jpg,none,0.0,0,1781914092.32
AoF02757.jpg,none,0.0,0,1781914092.56
AoF02762.jpg,none,0.0,0,1781914092.8
AoF02773.jpg,none,0.0,0,1781914093.04
AoF02778.jpg,none,0.0,0,1781914093.29
AoF02780.jpg,none,0.0,0,1781914093.53
AoF02795.jpg,none,0.0,0,1781914093.77
AoF02796.jpg,none,0.0,0,1781914094.01
AoF02811.jpg,none,0.0,0,1781914094.25
AoF02814.jpg,none,0.0,0,1781914094.5
AoF02816.jpg,none,0.0,0,1781914094.74
AoF02822.jpg,none,0.0,0,1781914094.98
AoF02831.jpg,none,0.0,0,1781914095.22
AoF02837.jpg,none,0.0,0,1781914095.46
AoF02840.jpg,none,0.0,0,1781914095.7
AoF02857.jpg,none,0.0,0,1781914095.95
AoF02867.jpg,none,0.0,0,1781914096.19
AoF02874.jpg,none,0.0,0,1781914096.43
AoF02887.jpg,none,0.0,0,1781914096.67
AoF02889.jpg,none,0.0,0,1781914096.91
AoF02904.jpg,none,0.0,0,1781914097.16
AoF02905.jpg,none,0.0,0,1781914097.4
AoF02926.jpg,none,0.0,0,1781914097.64
AoF02928.jpg,none,0.0,0,1781914097.88
AoF02937.jpg,none,0.0,0,1781914098.13
AoF02938.jpg,none,0.0,0,1781914098.37
AoF02942.jpg,none,0.0,0,1781914098.61
AoF02981.jpg,none,0.0,0,1781914098.85
AoF02987.jpg,none,0.0,0,1781914099.1
AoF02993.jpg,none,0.0,0,1781914099.34
AoF02994.jpg,none,0.0,0,1781914099.58
AoF02996.jpg,none,0.0,0,1781914099.82
AoF03018.jpg,none,0.0,0,1781914100.07
AoF03022.jpg,none,0.0,0,1781914100.31
AoF03031.jpg,none,0.0,0,1781914100.55
AoF03035.jpg,none,0.0,0,1781914100.81
AoF03068.jpg,none,0.0,0,1781914101.05
AoF03070.jpg,none,0.0,0,1781914101.3
AoF03075.jpg,none,0.0,0,1781914101.54
AoF03078.jpg,none,0.0,0,1781914101.78
AoF03093.jpg,none,0.0,0,1781914102.02
AoF03126.jpg,none,0.0,0,1781914102.27
AoF03127.jpg,none,0.0,0,1781914102.51
AoF03128.jpg,none,0.0,0,1781914102.75
AoF03130.jpg,none,0.0,0,1781914102.99
AoF03139.jpg,none,0.0,0,1781914103.23
AoF03156.jpg,none,0.0,0,1781914103.47
AoF03162.jpg,none,0.0,0,1781914103.72
AoF03174.jpg,none,0.0,0,1781914103.96
AoF03188.jpg,none,0.0,0,1781914104.21
AoF03189.jpg,none,0.0,0,1781914104.45
AoF03199.jpg,none,0.0,0,1781914104.69
AoF03204.jpg,none,0.0,0,1781914104.94
AoF03229.jpg,none,0.0,0,1781914105.18
AoF03259.jpg,none,0.0,0,1781914105.42
AoF03262.jpg,none,0.0,0,1781914105.66
AoF03265.jpg,none,0.0,0,1781914105.9
AoF03277.jpg,none,0.0,0,1781914106.15
AoF03313.jpg,none,0.0,0,1781914106.39
AoF03347.jpg,none,0.0,0,1781914106.63
AoF03348.jpg,none,0.0,0,1781914106.88
AoF03352.jpg,none,0.0,0,1781914107.12
AoF03381.jpg,none,0.0,0,1781914107.36
AoF03389.jpg,none,0.0,0,1781914107.6
AoF03394.jpg,none,0.0,0,1781914107.84
AoF03397.jpg,none,0.0,0,1781914108.09
AoF03410.jpg,none,0.0,0,1781914108.33
AoF03415.jpg,none,0.0,0,1781914108.58
AoF03416.jpg,none,0.0,0,1781914108.83
AoF03425.jpg,none,0.0,0,1781914109.07
AoF03436.jpg,none,0.0,0,1781914109.31
AoF03439.jpg,none,0.0,0,1781914109.55
AoF03453.jpg,none,0.0,0,1781914109.8
AoF03456.jpg,none,0.0,0,1781914110.04
AoF03464.jpg,none,0.0,0,1781914110.28
AoF03471.jpg,none,0.0,0,1781914110.53
AoF03476.jpg,none,0.0,0,1781914110.77
AoF03487.jpg,none,0.0,0,1781914111.01
AoF03500.jpg,none,0.0,0,1781914111.26
AoF03501.jpg,none,0.0,0,1781914111.5
AoF03509.jpg,none,0.0,0,1781914111.74
AoF03524.jpg,none,0.0,0,1781914111.98
AoF03528.jpg,none,0.0,0,1781914112.23
AoF03559.jpg,none,0.0,0,1781914112.47
AoF03587.jpg,fire,0.2926,1,1781914112.71
AoF03592.jpg,none,0.0,0,1781914112.96
AoF03611.jpg,none,0.0,0,1781914113.2
AoF03618.jpg,none,0.0,0,1781914113.44
AoF03622.jpg,none,0.0,0,1781914113.68
AoF03632.jpg,none,0.0,0,1781914113.92
AoF03633.jpg,none,0.0,0,1781914114.24
AoF03636.jpg,none,0.0,0,1781914114.53
AoF03664.jpg,none,0.0,0,1781914114.76
AoF03668.jpg,none,0.0,0,1781914115.0
AoF03678.jpg,none,0.0,0,1781914115.24
AoF03693.jpg,none,0.0,0,1781914115.48
AoF03706.jpg,none,0.0,0,1781914115.71
AoF03712.jpg,none,0.0,0,1781914115.95
AoF03714.jpg,none,0.0,0,1781914116.18
AoF03719.jpg,none,0.0,0,1781914116.42
AoF03732.jpg,none,0.0,0,1781914116.65
AoF03751.jpg,none,0.0,0,1781914116.89
AoF03758.jpg,smoke,0.4286,1,1781914117.13
AoF03780.jpg,none,0.0,0,1781914117.36
AoF03782.jpg,none,0.0,0,1781914117.6
AoF03785.jpg,none,0.0,0,1781914117.84
AoF03790.jpg,none,0.0,0,1781914118.08
AoF03829.jpg,none,0.0,0,1781914118.31
AoF03855.jpg,none,0.0,0,1781914118.55
AoF03864.jpg,none,0.0,0,1781914118.79
AoF03895.jpg,none,0.0,0,1781914119.03
AoF03901.jpg,none,0.0,0,1781914119.27
AoF03919.jpg,none,0.0,0,1781914119.5
AoF03931.jpg,none,0.0,0,1781914119.74
AoF03952.jpg,none,0.0,0,1781914119.98
AoF03968.jpg,none,0.0,0,1781914120.22
AoF03985.jpg,none,0.0,0,1781914120.46
AoF04006.jpg,none,0.0,0,1781914120.7
AoF04013.jpg,smoke,0.8489,6,1781914120.94
AoF04029.jpg,fire,0.7902,7,1781914121.17
AoF04030.jpg,smoke,0.8305,7,1781914121.41
AoF04069.jpg,smoke,0.7931,5,1781914121.64
AoF04081.jpg,smoke,0.6719,2,1781914121.88
AoF04091.jpg,smoke,0.8465,2,1781914122.12
AoF04096.jpg,smoke,0.9199,2,1781914122.35
AoF04097.jpg,smoke,0.9076,2,1781914122.59
AoF04103.jpg,smoke,0.8971,2,1781914122.82
AoF04104.jpg,smoke,0.8793,2,1781914123.06
AoF04135.jpg,smoke,0.9223,2,1781914123.3
AoF04160.jpg,smoke,0.7013,3,1781914123.53
AoF04171.jpg,smoke,0.8548,2,1781914123.77
AoF04175.jpg,smoke,0.8952,2,1781914124.01
AoF04205.jpg,smoke,0.8397,3,1781914124.25
AoF04214.jpg,smoke,0.7956,3,1781914124.48
AoF04218.jpg,fire,0.8138,3,1781914124.72
AoF04236.jpg,smoke,0.8326,2,1781914124.96
AoF04248.jpg,smoke,0.8475,2,1781914125.19
AoF04249.jpg,smoke,0.8661,2,1781914125.43
AoF04255.jpg,smoke,0.9059,2,1781914125.67
AoF04265.jpg,smoke,0.9144,2,1781914125.9
AoF04275.jpg,smoke,0.8706,2,1781914126.14
AoF04292.jpg,smoke,0.841,3,1781914126.37
AoF04295.jpg,fire,0.8422,3,1781914126.61
AoF04301.jpg,smoke,0.8046,2,1781914126.85
AoF04303.jpg,smoke,0.7901,3,1781914127.08
AoF04311.jpg,smoke,0.7732,2,1781914127.32
AoF04316.jpg,smoke,0.822,5,1781914127.55
AoF04328.jpg,smoke,0.7176,3,1781914127.79
AoF04330.jpg,smoke,0.737,3,1781914128.03
AoF04338.jpg,smoke,0.746,3,1781914128.26
AoF04348.jpg,fire,0.6802,2,1781914128.5
AoF04353.jpg,smoke,0.8091,1,1781914128.74
AoF04363.jpg,smoke,0.6894,1,1781914128.97
AoF04373.jpg,smoke,0.8766,1,1781914129.21
AoF04378.jpg,smoke,0.8401,1,1781914129.45
AoF04380.jpg,smoke,0.806,1,1781914129.68
AoF04404.jpg,smoke,0.7469,3,1781914129.92
AoF04420.jpg,fire,0.6916,1,1781914130.16
AoF04423.jpg,fire,0.7387,3,1781914130.39
AoF04424.jpg,fire,0.6571,3,1781914130.63
AoF04426.jpg,fire,0.6406,2,1781914130.87
AoF04443.jpg,smoke,0.5655,8,1781914131.1
AoF04445.jpg,smoke,0.7047,3,1781914131.34
AoF04448.jpg,fire,0.7535,3,1781914131.57
AoF04455.jpg,smoke,0.7454,6,1781914131.81
AoF04466.jpg,smoke,0.8522,7,1781914132.06
AoF04470.jpg,smoke,0.7096,4,1781914132.3
AoF04477.jpg,smoke,0.7271,3,1781914132.53
AoF04504.jpg,smoke,0.8648,2,1781914132.74
AoF04516.jpg,smoke,0.9155,2,1781914132.94
AoF04530.jpg,smoke,0.794,3,1781914133.13
AoF04542.jpg,smoke,0.8921,2,1781914133.33
AoF04554.jpg,smoke,0.6243,1,1781914133.56
AoF04560.jpg,smoke,0.7077,1,1781914133.84
AoF04567.jpg,smoke,0.8319,2,1781914134.03
AoF04573.jpg,smoke,0.8208,2,1781914134.35
AoF04581.jpg,smoke,0.5178,1,1781914134.68
AoF04595.jpg,smoke,0.7518,2,1781914134.99
AoF04605.jpg,fire,0.6177,1,1781914135.21
AoF04608.jpg,smoke,0.4863,1,1781914135.44
AoF04615.jpg,smoke,0.4728,1,1781914135.67
AoF04627.jpg,smoke,0.7707,2,1781914135.91
AoF04633.jpg,fire,0.8475,3,1781914136.14
AoF04647.jpg,smoke,0.8707,1,1781914136.37
AoF04651.jpg,smoke,0.8306,2,1781914136.61
AoF04660.jpg,smoke,0.617,4,1781914136.84
AoF04666.jpg,smoke,0.7693,1,1781914137.07
AoF04684.jpg,smoke,0.8795,2,1781914137.31
AoF04690.jpg,smoke,0.7838,1,1781914137.54
AoF04711.jpg,smoke,0.7184,1,1781914137.77
AoF04713.jpg,fire,0.8106,2,1781914138.0
AoF04715.jpg,fire,0.8502,2,1781914138.24
AoF04717.jpg,smoke,0.7805,2,1781914138.47
AoF04718.jpg,smoke,0.8065,2,1781914138.7
AoF04727.jpg,fire,0.8538,2,1781914138.93
AoF04732.jpg,smoke,0.593,1,1781914139.17
AoF04746.jpg,smoke,0.7327,1,1781914139.4
AoF04762.jpg,smoke,0.7483,1,1781914139.63
AoF04773.jpg,smoke,0.6773,1,1781914139.87
AoF04784.jpg,fire,0.7827,3,1781914140.1
AoF04805.jpg,smoke,0.7695,2,1781914140.33
AoF04806.jpg,fire,0.7306,2,1781914140.56
AoF04817.jpg,smoke,0.8765,1,1781914140.8
AoF04832.jpg,smoke,0.7028,2,1781914141.03
AoF04833.jpg,smoke,0.8276,2,1781914141.26
AoF04843.jpg,smoke,0.8627,2,1781914141.54
AoF04846.jpg,smoke,0.8792,2,1781914141.8
AoF04856.jpg,smoke,0.7478,4,1781914142.03
AoF04862.jpg,smoke,0.8132,4,1781914142.26
AoF04873.jpg,smoke,0.8291,7,1781914142.5
AoF04878.jpg,smoke,0.8549,6,1781914142.73
AoF04925.jpg,smoke,0.852,3,1781914142.97
AoF04947.jpg,smoke,0.8176,1,1781914143.2
AoF04963.jpg,smoke,0.7791,2,1781914143.43
AoF04972.jpg,smoke,0.7148,3,1781914143.66
AoF04980.jpg,smoke,0.6783,3,1781914143.9
AoF04989.jpg,smoke,0.7061,3,1781914144.13
AoF04999.jpg,smoke,0.7049,4,1781914144.37
AoF05002.jpg,smoke,0.7217,3,1781914144.6
AoF05019.jpg,smoke,0.7658,4,1781914144.84
AoF05037.jpg,smoke,0.8675,1,1781914145.07
AoF05038.jpg,smoke,0.8686,2,1781914145.31
AoF05053.jpg,smoke,0.8719,2,1781914145.54
AoF05070.jpg,smoke,0.829,2,1781914145.77
AoF05081.jpg,fire,0.5815,1,1781914146.01
AoF05088.jpg,fire,0.7761,1,1781914146.25
AoF05094.jpg,fire,0.6892,1,1781914146.44
AoF05095.jpg,fire,0.6449,1,1781914146.63
AoF05098.jpg,fire,0.8404,1,1781914146.82
AoF05106.jpg,fire,0.6905,1,1781914147.0
AoF05107.jpg,fire,0.82,1,1781914147.2
AoF05122.jpg,fire,0.7335,1,1781914147.43
AoF05126.jpg,fire,0.5261,1,1781914147.66
AoF05194.jpg,fire,0.6503,3,1781914147.9
AoF05225.jpg,fire,0.4298,2,1781914148.13
AoF05227.jpg,fire,0.6423,1,1781914148.37
AoF05233.jpg,fire,0.4522,2,1781914148.6
AoF05235.jpg,fire,0.5058,1,1781914148.84
AoF05249.jpg,fire,0.7702,1,1781914149.07
AoF05263.jpg,fire,0.8209,1,1781914149.31
AoF05284.jpg,fire,0.6354,1,1781914149.54
AoF05287.jpg,fire,0.5654,1,1781914149.78
AoF05292.jpg,fire,0.7619,4,1781914150.02
AoF05295.jpg,fire,0.644,1,1781914150.25
AoF05300.jpg,fire,0.6217,1,1781914150.48
AoF05325.jpg,none,0.0,0,1781914150.72
AoF05341.jpg,fire,0.6479,1,1781914150.95
AoF05346.jpg,fire,0.8097,1,1781914151.19
AoF05365.jpg,fire,0.5378,2,1781914151.42
AoF05369.jpg,fire,0.4768,2,1781914151.66
AoF05407.jpg,fire,0.567,2,1781914151.89
AoF05418.jpg,fire,0.3511,2,1781914152.13
AoF05431.jpg,fire,0.5251,2,1781914152.36
AoF05439.jpg,fire,0.6713,2,1781914152.59
AoF05448.jpg,fire,0.5052,3,1781914152.83
AoF05450.jpg,fire,0.609,2,1781914153.06
AoF05455.jpg,smoke,0.6215,5,1781914153.29
AoF05457.jpg,smoke,0.7466,2,1781914153.52
AoF05479.jpg,fire,0.5255,1,1781914153.76
AoF05482.jpg,fire,0.6295,1,1781914153.99
AoF05487.jpg,none,0.0,0,1781914154.23
AoF05516.jpg,fire,0.5499,1,1781914154.47
AoF05529.jpg,fire,0.4562,1,1781914154.7
AoF05531.jpg,fire,0.5814,2,1781914154.94
AoF05538.jpg,fire,0.381,2,1781914155.17
AoF05541.jpg,fire,0.4967,1,1781914155.41
AoF05544.jpg,fire,0.5765,1,1781914155.64
AoF05569.jpg,fire,0.7925,2,1781914155.88
AoF05577.jpg,fire,0.7432,1,1781914156.12
AoF05580.jpg,fire,0.6083,1,1781914156.35
AoF05589.jpg,fire,0.6935,1,1781914156.59
AoF05590.jpg,fire,0.5593,2,1781914156.82
AoF05605.jpg,fire,0.7612,1,1781914157.06
AoF05654.jpg,fire,0.6515,1,1781914157.29
AoF05657.jpg,fire,0.7786,1,1781914157.53
AoF05667.jpg,fire,0.7693,1,1781914157.76
AoF05684.jpg,fire,0.6423,1,1781914158.0
AoF05693.jpg,fire,0.4695,2,1781914158.23
AoF05708.jpg,fire,0.6849,1,1781914158.47
AoF05719.jpg,fire,0.6399,1,1781914158.7
AoF05737.jpg,fire,0.6717,1,1781914158.93
AoF05742.jpg,fire,0.6895,1,1781914159.17
AoF05746.jpg,fire,0.5843,1,1781914159.4
AoF05769.jpg,fire,0.4005,1,1781914159.64
AoF05779.jpg,none,0.0,0,1781914159.87
AoF05783.jpg,fire,0.7593,1,1781914160.1
AoF05784.jpg,fire,0.7843,1,1781914160.34
AoF05856.jpg,fire,0.3928,1,1781914160.57
AoF05883.jpg,fire,0.499,2,1781914160.81
AoF05887.jpg,fire,0.4785,2,1781914161.05
AoF05893.jpg,fire,0.4082,1,1781914161.28
AoF05895.jpg,fire,0.7951,1,1781914161.51
AoF05906.jpg,fire,0.8158,1,1781914161.75
AoF05911.jpg,fire,0.8291,1,1781914161.98
AoF05932.jpg,fire,0.737,1,1781914162.21
AoF05949.jpg,fire,0.7752,1,1781914162.47
AoF05951.jpg,fire,0.3728,1,1781914162.7
AoF05955.jpg,none,0.0,0,1781914162.94
AoF05970.jpg,fire,0.3305,1,1781914163.17
AoF05978.jpg,fire,0.5794,1,1781914163.4
AoF06015.jpg,fire,0.5962,1,1781914163.64
AoF06018.jpg,fire,0.6207,1,1781914163.87
AoF06019.jpg,fire,0.6305,1,1781914164.13
AoF06027.jpg,fire,0.689,1,1781914164.36
AoF06029.jpg,fire,0.6657,1,1781914164.59
AoF06040.jpg,fire,0.6762,1,1781914164.83
AoF06053.jpg,fire,0.2999,1,1781914165.06
AoF06070.jpg,none,0.0,0,1781914165.3
AoF06080.jpg,fire,0.604,1,1781914165.53
AoF06097.jpg,none,0.0,0,1781914165.77
AoF06098.jpg,fire,0.5754,3,1781914166.0
AoF06103.jpg,fire,0.7405,1,1781914166.23
AoF06140.jpg,fire,0.3482,2,1781914166.47
AoF06150.jpg,fire,0.8271,1,1781914166.7
AoF06159.jpg,fire,0.6439,1,1781914166.94
AoF06160.jpg,fire,0.5287,1,1781914167.17
AoF06162.jpg,fire,0.7175,1,1781914167.41
AoF06171.jpg,fire,0.8339,1,1781914167.64
AoF06174.jpg,fire,0.8015,1,1781914167.88
AoF06186.jpg,fire,0.6014,2,1781914168.11
AoF06187.jpg,fire,0.3821,2,1781914168.35
AoF06190.jpg,fire,0.6699,1,1781914168.58
AoF06193.jpg,fire,0.43,1,1781914168.82
AoF06200.jpg,fire,0.4391,1,1781914169.05
AoF06201.jpg,none,0.0,0,1781914169.29
AoF06214.jpg,fire,0.6806,1,1781914169.52
AoF06229.jpg,fire,0.5829,2,1781914169.76
AoF06230.jpg,fire,0.6158,1,1781914169.99
AoF06236.jpg,fire,0.4605,1,1781914170.23
AoF06241.jpg,fire,0.5053,1,1781914170.47
AoF06259.jpg,fire,0.5307,1,1781914170.7
AoF06268.jpg,fire,0.6199,1,1781914170.94
AoF06274.jpg,fire,0.7509,1,1781914171.17
AoF06277.jpg,fire,0.7016,1,1781914171.41
AoF06287.jpg,fire,0.6859,1,1781914171.64
AoF06298.jpg,fire,0.6274,2,1781914171.88
AoF06301.jpg,none,0.0,0,1781914172.12
AoF06308.jpg,none,0.0,0,1781914172.35
AoF06309.jpg,fire,0.3791,1,1781914172.59
AoF06342.jpg,fire,0.3768,1,1781914172.82
AoF06343.jpg,fire,0.7432,1,1781914173.06
AoF06362.jpg,fire,0.2783,2,1781914173.29
AoF06377.jpg,fire,0.6642,2,1781914173.53
AoF06405.jpg,fire,0.7315,1,1781914173.76
AoF06407.jpg,fire,0.5333,2,1781914174.0
AoF06417.jpg,fire,0.7757,1,1781914174.23
AoF06433.jpg,fire,0.4887,1,1781914174.47
AoF06434.jpg,none,0.0,0,1781914174.7
AoF06435.jpg,none,0.0,0,1781914174.94
AoF06448.jpg,fire,0.5436,2,1781914175.17
AoF06458.jpg,none,0.0,0,1781914175.41
AoF06460.jpg,fire,0.8033,1,1781914175.64
AoF06470.jpg,fire,0.5281,1,1781914175.88
AoF06473.jpg,none,0.0,0,1781914176.12
AoF06476.jpg,fire,0.3082,2,1781914176.35
AoF06480.jpg,none,0.0,0,1781914176.59
AoF06506.jpg,fire,0.3861,1,1781914176.82
AoF06509.jpg,fire,0.7162,1,1781914177.06
AoF06523.jpg,fire,0.576,1,1781914177.29
AoF06532.jpg,fire,0.529,1,1781914177.53
AoF06533.jpg,fire,0.5751,1,1781914177.76
AoF06543.jpg,fire,0.392,1,1781914178.0
AoF06555.jpg,none,0.0,0,1781914178.23
AoF06562.jpg,fire,0.2734,1,1781914178.47
AoF06570.jpg,none,0.0,0,1781914178.7
AoF06574.jpg,none,0.0,0,1781914178.94
AoF06608.jpg,fire,0.6847,1,1781914179.17
AoF06611.jpg,fire,0.3543,1,1781914179.41
AoF06622.jpg,fire,0.4395,3,1781914179.64
AoF06631.jpg,fire,0.8248,1,1781914179.88
AoF06641.jpg,fire,0.5438,1,1781914180.11
AoF06678.jpg,fire,0.5653,1,1781914180.35
AoF06684.jpg,fire,0.5495,1,1781914180.58
PublicDataset00013.jpg,smoke,0.7923,1,1781914180.81
PublicDataset00018.jpg,smoke,0.8134,1,1781914181.04
PublicDataset00023.jpg,smoke,0.8303,1,1781914181.28
PublicDataset00025.jpg,smoke,0.655,1,1781914181.51
PublicDataset00031.jpg,smoke,0.6336,1,1781914181.78
PublicDataset00033.jpg,smoke,0.5943,1,1781914182.05
PublicDataset00039.jpg,smoke,0.5413,1,1781914182.33
PublicDataset00060.jpg,smoke,0.5682,2,1781914182.56
PublicDataset00086.jpg,smoke,0.6385,3,1781914182.83
PublicDataset00109.jpg,fire,0.7235,3,1781914183.1
PublicDataset00139.jpg,fire,0.4248,1,1781914183.39
PublicDataset00149.jpg,fire,0.717,1,1781914183.68
PublicDataset00155.jpg,fire,0.8893,1,1781914183.97
PublicDataset00199.jpg,fire,0.5239,1,1781914184.26
PublicDataset00207.jpg,fire,0.7713,1,1781914184.55
PublicDataset00232.jpg,fire,0.8211,1,1781914184.84
PublicDataset00241.jpg,fire,0.7204,1,1781914185.13
PublicDataset00257.jpg,none,0.0,0,1781914185.42
PublicDataset00262.jpg,fire,0.7461,1,1781914185.71
PublicDataset00273.jpg,fire,0.7808,1,1781914186.0
PublicDataset00274.jpg,fire,0.6972,1,1781914186.29
PublicDataset00283.jpg,fire,0.2612,1,1781914186.58
PublicDataset00285.jpg,fire,0.4085,1,1781914186.86
PublicDataset00289.jpg,fire,0.5091,1,1781914187.15
PublicDataset00295.jpg,none,0.0,0,1781914187.44
PublicDataset00296.jpg,fire,0.403,1,1781914187.73
PublicDataset00323.jpg,fire,0.2598,1,1781914188.02
PublicDataset00333.jpg,fire,0.621,1,1781914188.31
PublicDataset00334.jpg,fire,0.8194,1,1781914188.6
PublicDataset00355.jpg,fire,0.3512,1,1781914188.89
PublicDataset00375.jpg,none,0.0,0,1781914189.16
PublicDataset00393.jpg,fire,0.8669,1,1781914189.39
PublicDataset00396.jpg,fire,0.8421,1,1781914189.63
PublicDataset00412.jpg,fire,0.8522,1,1781914189.86
PublicDataset00416.jpg,fire,0.7372,1,1781914190.09
PublicDataset00421.jpg,fire,0.9108,1,1781914190.32
PublicDataset00423.jpg,fire,0.9086,2,1781914190.55
PublicDataset00427.jpg,fire,0.915,2,1781914190.78
PublicDataset00430.jpg,fire,0.7934,1,1781914191.01
PublicDataset00453.jpg,fire,0.6924,1,1781914191.28
PublicDataset00484.jpg,fire,0.6865,1,1781914191.53
PublicDataset00486.jpg,fire,0.8474,1,1781914191.76
PublicDataset00491.jpg,fire,0.8879,1,1781914192.01
PublicDataset00494.jpg,fire,0.2702,1,1781914192.24
PublicDataset00507.jpg,fire,0.8075,1,1781914192.47
PublicDataset00512.jpg,fire,0.8571,1,1781914192.7
PublicDataset00515.jpg,fire,0.8954,1,1781914192.93
PublicDataset00523.jpg,fire,0.8303,1,1781914193.16
PublicDataset00527.jpg,fire,0.8796,1,1781914193.4
PublicDataset00536.jpg,fire,0.8926,1,1781914193.63
PublicDataset00540.jpg,fire,0.8829,1,1781914193.86
PublicDataset00553.jpg,fire,0.8144,1,1781914194.09
PublicDataset00556.jpg,fire,0.8957,1,1781914194.32
PublicDataset00558.jpg,fire,0.8671,1,1781914194.56
PublicDataset00572.jpg,fire,0.2585,1,1781914194.85
PublicDataset00574.jpg,fire,0.7589,1,1781914195.13
PublicDataset00598.jpg,fire,0.2893,1,1781914195.36
PublicDataset00606.jpg,none,0.0,0,1781914195.64
PublicDataset00610.jpg,none,0.0,0,1781914195.93
PublicDataset00628.jpg,fire,0.7195,1,1781914196.22
PublicDataset00633.jpg,fire,0.8723,1,1781914196.45
PublicDataset00656.jpg,fire,0.908,2,1781914196.68
PublicDataset00660.jpg,fire,0.8884,2,1781914196.91
PublicDataset00666.jpg,fire,0.7686,1,1781914197.2
PublicDataset00677.jpg,fire,0.7893,1,1781914197.49
PublicDataset00689.jpg,fire,0.8285,1,1781914197.77
PublicDataset00692.jpg,fire,0.8336,1,1781914198.06
PublicDataset00710.jpg,fire,0.5505,1,1781914198.35
PublicDataset00726.jpg,fire,0.5885,2,1781914198.64
PublicDataset00746.jpg,fire,0.7832,1,1781914198.87
PublicDataset00759.jpg,fire,0.6198,1,1781914199.1
PublicDataset00767.jpg,fire,0.6699,1,1781914199.41
PublicDataset00787.jpg,fire,0.6229,1,1781914199.72
PublicDataset00805.jpg,fire,0.6034,1,1781914200.03
PublicDataset00807.jpg,fire,0.5924,1,1781914200.34
PublicDataset00815.jpg,fire,0.7473,1,1781914200.65
PublicDataset00861.jpg,none,0.0,0,1781914200.92
PublicDataset00866.jpg,none,0.0,0,1781914201.21
PublicDataset00868.jpg,none,0.0,0,1781914201.45
PublicDataset00869.jpg,none,0.0,0,1781914201.73
PublicDataset00873.jpg,none,0.0,0,1781914201.9
PublicDataset00875.jpg,none,0.0,0,1781914202.17
PublicDataset00881.jpg,none,0.0,0,1781914202.39
PublicDataset00882.jpg,none,0.0,0,1781914202.68
PublicDataset00884.jpg,none,0.0,0,1781914202.91
PublicDataset00888.jpg,none,0.0,0,1781914203.14
PublicDataset00889.jpg,none,0.0,0,1781914203.41
PublicDataset00891.jpg,none,0.0,0,1781914203.65
PublicDataset00895.jpg,fire,0.6856,1,1781914203.92
PublicDataset00901.jpg,none,0.0,0,1781914204.19
PublicDataset00906.jpg,none,0.0,0,1781914204.47
PublicDataset00918.jpg,fire,0.2786,1,1781914204.8
PublicDataset00928.jpg,none,0.0,0,1781914205.03
PublicDataset00930.jpg,none,0.0,0,1781914205.31
PublicDataset00939.jpg,none,0.0,0,1781914205.54
PublicDataset00940.jpg,none,0.0,0,1781914205.82
PublicDataset00954.jpg,none,0.0,0,1781914206.21
PublicDataset00955.jpg,none,0.0,0,1781914206.48
PublicDataset00958.jpg,none,0.0,0,1781914206.76
PublicDataset00967.jpg,none,0.0,0,1781914207.15
PublicDataset00976.jpg,none,0.0,0,1781914207.53
PublicDataset00985.jpg,fire,0.4713,2,1781914207.88
PublicDataset00988.jpg,none,0.0,0,1781914208.17
PublicDataset00997.jpg,smoke,0.7956,6,1781914208.44
PublicDataset01010.jpg,smoke,0.782,3,1781914208.7
PublicDataset01028.jpg,smoke,0.7688,1,1781914208.97
PublicDataset01036.jpg,fire,0.8572,1,1781914209.2
PublicDataset01041.jpg,none,0.0,0,1781914209.49
WEB00003.jpg,none,0.0,0,1781914209.72
WEB00025.jpg,none,0.0,0,1781914210.0
WEB00096.jpg,none,0.0,0,1781914210.23
WEB00105.jpg,none,0.0,0,1781914210.52
WEB00119.jpg,none,0.0,0,1781914210.78
WEB00127.jpg,smoke,0.3401,1,1781914211.05
WEB00130.jpg,none,0.0,0,1781914211.32
WEB00133.jpg,none,0.0,0,1781914211.55
WEB00152.jpg,none,0.0,0,1781914211.81
WEB00159.jpg,none,0.0,0,1781914212.05
WEB00161.jpg,none,0.0,0,1781914212.28
WEB00167.jpg,none,0.0,0,1781914212.51
WEB00168.jpg,none,0.0,0,1781914212.74
WEB00171.jpg,none,0.0,0,1781914212.97
WEB00174.jpg,none,0.0,0,1781914213.2
WEB00180.jpg,none,0.0,0,1781914213.44
WEB00183.jpg,none,0.0,0,1781914213.67
WEB00190.jpg,none,0.0,0,1781914213.9
WEB00199.jpg,none,0.0,0,1781914214.13
WEB00226.jpg,none,0.0,0,1781914214.36
WEB00235.jpg,none,0.0,0,1781914214.59
WEB00237.jpg,none,0.0,0,1781914214.82
WEB00238.jpg,none,0.0,0,1781914215.06
WEB00243.jpg,none,0.0,0,1781914215.29
WEB00253.jpg,none,0.0,0,1781914215.52
WEB00255.jpg,none,0.0,0,1781914215.75
WEB00267.jpg,none,0.0,0,1781914215.98
WEB00304.jpg,none,0.0,0,1781914216.21
WEB00317.jpg,none,0.0,0,1781914216.44
WEB00349.jpg,none,0.0,0,1781914216.67
WEB00357.jpg,none,0.0,0,1781914216.9
WEB00360.jpg,none,0.0,0,1781914217.13
WEB00367.jpg,none,0.0,0,1781914217.36
WEB00380.jpg,none,0.0,0,1781914217.65
WEB00383.jpg,none,0.0,0,1781914217.93
WEB00387.jpg,none,0.0,0,1781914218.22
WEB00416.jpg,none,0.0,0,1781914218.45
WEB00425.jpg,none,0.0,0,1781914218.68
WEB00433.jpg,none,0.0,0,1781914218.91
WEB00460.jpg,none,0.0,0,1781914219.14
WEB00493.jpg,none,0.0,0,1781914219.37
WEB00495.jpg,none,0.0,0,1781914219.61
WEB00501.jpg,none,0.0,0,1781914219.84
WEB00514.jpg,none,0.0,0,1781914220.07
WEB00525.jpg,none,0.0,0,1781914220.3
WEB00526.jpg,none,0.0,0,1781914220.53
WEB00534.jpg,none,0.0,0,1781914220.76
WEB00561.jpg,none,0.0,0,1781914221.0
WEB00567.jpg,none,0.0,0,1781914221.23
WEB00591.jpg,none,0.0,0,1781914221.47
WEB00592.jpg,none,0.0,0,1781914221.7
WEB00606.jpg,none,0.0,0,1781914221.93
WEB00612.jpg,none,0.0,0,1781914222.16
WEB00613.jpg,none,0.0,0,1781914222.39
WEB00617.jpg,none,0.0,0,1781914222.62
WEB00628.jpg,none,0.0,0,1781914222.85
WEB00633.jpg,none,0.0,0,1781914223.08
WEB00636.jpg,none,0.0,0,1781914223.31
WEB00649.jpg,none,0.0,0,1781914223.54
WEB00650.jpg,none,0.0,0,1781914223.78
WEB00673.jpg,none,0.0,0,1781914224.01
WEB00681.jpg,none,0.0,0,1781914224.24
WEB00686.jpg,none,0.0,0,1781914224.47
WEB00696.jpg,none,0.0,0,1781914224.7
WEB00700.jpg,none,0.0,0,1781914224.93
WEB00701.jpg,none,0.0,0,1781914225.16
WEB00720.jpg,none,0.0,0,1781914225.39
WEB00725.jpg,none,0.0,0,1781914225.62
WEB00744.jpg,none,0.0,0,1781914225.86
WEB00753.jpg,none,0.0,0,1781914226.09
WEB00764.jpg,none,0.0,0,1781914226.32
WEB00768.jpg,none,0.0,0,1781914226.55
WEB00775.jpg,none,0.0,0,1781914226.78
WEB00788.jpg,none,0.0,0,1781914227.01
WEB00799.jpg,none,0.0,0,1781914227.24
WEB00802.jpg,none,0.0,0,1781914227.47
WEB00815.jpg,none,0.0,0,1781914227.7
WEB00818.jpg,none,0.0,0,1781914227.93
WEB00820.jpg,none,0.0,0,1781914228.16
WEB00823.jpg,none,0.0,0,1781914228.4
WEB00835.jpg,none,0.0,0,1781914228.63
WEB00837.jpg,none,0.0,0,1781914228.86
WEB00857.jpg,none,0.0,0,1781914229.09
WEB00863.jpg,none,0.0,0,1781914229.32
WEB00879.jpg,none,0.0,0,1781914229.55
WEB00900.jpg,none,0.0,0,1781914229.78
WEB00934.jpg,none,0.0,0,1781914230.01
WEB00940.jpg,none,0.0,0,1781914230.25
WEB00944.jpg,none,0.0,0,1781914230.48
WEB00949.jpg,none,0.0,0,1781914230.71
WEB00959.jpg,none,0.0,0,1781914230.94
WEB00972.jpg,none,0.0,0,1781914231.17
WEB00980.jpg,none,0.0,0,1781914231.4
WEB00983.jpg,none,0.0,0,1781914231.63
WEB01004.jpg,none,0.0,0,1781914231.86
WEB01010.jpg,none,0.0,0,1781914232.09
WEB01016.jpg,none,0.0,0,1781914232.32
WEB01020.jpg,none,0.0,0,1781914232.55
WEB01028.jpg,none,0.0,0,1781914232.78
WEB01039.jpg,none,0.0,0,1781914233.01
WEB01042.jpg,none,0.0,0,1781914233.24
WEB01048.jpg,none,0.0,0,1781914233.47
WEB01050.jpg,none,0.0,0,1781914233.7
WEB01053.jpg,none,0.0,0,1781914233.94
WEB01065.jpg,none,0.0,0,1781914234.17
WEB01070.jpg,none,0.0,0,1781914234.4
WEB01073.jpg,none,0.0,0,1781914234.63
WEB01087.jpg,none,0.0,0,1781914234.86
WEB01089.jpg,none,0.0,0,1781914235.1
WEB01092.jpg,none,0.0,0,1781914235.33
WEB01095.jpg,none,0.0,0,1781914235.56
WEB01097.jpg,none,0.0,0,1781914235.79
WEB01107.jpg,none,0.0,0,1781914236.02
WEB01120.jpg,none,0.0,0,1781914236.25
WEB01123.jpg,none,0.0,0,1781914236.48
WEB01143.jpg,none,0.0,0,1781914236.71
WEB01154.jpg,none,0.0,0,1781914236.94
WEB01192.jpg,none,0.0,0,1781914237.17
WEB01195.jpg,none,0.0,0,1781914237.41
WEB01202.jpg,none,0.0,0,1781914237.64
WEB01212.jpg,none,0.0,0,1781914237.87
WEB01213.jpg,none,0.0,0,1781914238.1
WEB01217.jpg,none,0.0,0,1781914238.33
WEB01219.jpg,none,0.0,0,1781914238.56
WEB01233.jpg,none,0.0,0,1781914238.79
WEB01252.jpg,none,0.0,0,1781914239.02
WEB01255.jpg,none,0.0,0,1781914239.25
WEB01261.jpg,none,0.0,0,1781914239.48
WEB01262.jpg,none,0.0,0,1781914239.71
WEB01288.jpg,none,0.0,0,1781914239.94
WEB01293.jpg,none,0.0,0,1781914240.18
WEB01295.jpg,none,0.0,0,1781914240.41
WEB01297.jpg,none,0.0,0,1781914240.64
WEB01317.jpg,none,0.0,0,1781914240.87
WEB01318.jpg,none,0.0,0,1781914241.1
WEB01322.jpg,none,0.0,0,1781914241.33
WEB01325.jpg,none,0.0,0,1781914241.56
WEB01335.jpg,none,0.0,0,1781914241.79
WEB01353.jpg,none,0.0,0,1781914242.02
WEB01355.jpg,none,0.0,0,1781914242.26
WEB01373.jpg,none,0.0,0,1781914242.49
WEB01376.jpg,none,0.0,0,1781914242.72
WEB01377.jpg,none,0.0,0,1781914242.95
WEB01389.jpg,none,0.0,0,1781914243.18
WEB01394.jpg,none,0.0,0,1781914243.41
WEB01407.jpg,none,0.0,0,1781914243.64
WEB01410.jpg,none,0.0,0,1781914243.87
WEB01416.jpg,none,0.0,0,1781914244.1
WEB01418.jpg,none,0.0,0,1781914244.34
WEB01434.jpg,none,0.0,0,1781914244.57
WEB01436.jpg,none,0.0,0,1781914244.8
WEB01449.jpg,none,0.0,0,1781914245.03
WEB01464.jpg,none,0.0,0,1781914245.26
WEB01468.jpg,none,0.0,0,1781914245.49
WEB01472.jpg,none,0.0,0,1781914245.72
WEB01491.jpg,none,0.0,0,1781914245.95
WEB01497.jpg,none,0.0,0,1781914246.18
WEB01515.jpg,none,0.0,0,1781914246.41
WEB01516.jpg,none,0.0,0,1781914246.64
WEB01522.jpg,none,0.0,0,1781914246.88
WEB01524.jpg,none,0.0,0,1781914247.11
WEB01547.jpg,none,0.0,0,1781914247.34
WEB01552.jpg,none,0.0,0,1781914247.57
WEB01574.jpg,none,0.0,0,1781914247.8
WEB01584.jpg,none,0.0,0,1781914248.03
WEB01586.jpg,none,0.0,0,1781914248.26
WEB01598.jpg,none,0.0,0,1781914248.49
WEB01602.jpg,none,0.0,0,1781914248.72
WEB01613.jpg,none,0.0,0,1781914248.95
WEB01619.jpg,none,0.0,0,1781914249.18
WEB01626.jpg,none,0.0,0,1781914249.41
WEB01635.jpg,none,0.0,0,1781914249.64
WEB01657.jpg,none,0.0,0,1781914249.87
WEB01661.jpg,none,0.0,0,1781914250.1
WEB01672.jpg,none,0.0,0,1781914250.34
WEB01685.jpg,none,0.0,0,1781914250.57
WEB01687.jpg,none,0.0,0,1781914250.8
WEB01716.jpg,none,0.0,0,1781914251.03
WEB01723.jpg,none,0.0,0,1781914251.26
WEB01728.jpg,none,0.0,0,1781914251.49
WEB01745.jpg,none,0.0,0,1781914251.72
WEB01750.jpg,none,0.0,0,1781914251.97
WEB01755.jpg,none,0.0,0,1781914252.21
WEB01772.jpg,none,0.0,0,1781914252.44
WEB01774.jpg,none,0.0,0,1781914252.67
WEB01779.jpg,none,0.0,0,1781914252.9
WEB01781.jpg,none,0.0,0,1781914253.13
WEB01794.jpg,none,0.0,0,1781914253.36
WEB01809.jpg,none,0.0,0,1781914253.59
WEB01821.jpg,none,0.0,0,1781914253.82
WEB01828.jpg,none,0.0,0,1781914254.05
WEB01830.jpg,none,0.0,0,1781914254.29
WEB01836.jpg,none,0.0,0,1781914254.52
WEB01844.jpg,none,0.0,0,1781914254.75
WEB01852.jpg,none,0.0,0,1781914254.98
WEB01899.jpg,none,0.0,0,1781914255.21
WEB01903.jpg,none,0.0,0,1781914255.44
WEB01908.jpg,none,0.0,0,1781914255.67
WEB01913.jpg,none,0.0,0,1781914255.9
WEB01920.jpg,none,0.0,0,1781914256.14
WEB01935.jpg,none,0.0,0,1781914256.37
WEB01939.jpg,none,0.0,0,1781914256.6
WEB01941.jpg,none,0.0,0,1781914256.84
WEB01945.jpg,smoke,0.7356,3,1781914257.11
WEB01956.jpg,none,0.0,0,1781914257.34
WEB01971.jpg,none,0.0,0,1781914257.62
WEB01975.jpg,none,0.0,0,1781914257.91
WEB01977.jpg,none,0.0,0,1781914258.19
WEB01979.jpg,none,0.0,0,1781914258.47
WEB01989.jpg,none,0.0,0,1781914258.78
WEB01996.jpg,none,0.0,0,1781914259.06
WEB02006.jpg,none,0.0,0,1781914259.35
WEB02026.jpg,none,0.0,0,1781914259.63
WEB02031.jpg,none,0.0,0,1781914259.91
WEB02035.jpg,none,0.0,0,1781914260.2
WEB02047.jpg,none,0.0,0,1781914260.48
WEB02048.jpg,none,0.0,0,1781914260.77
WEB02055.jpg,none,0.0,0,1781914261.0
WEB02070.jpg,none,0.0,0,1781914261.24
WEB02076.jpg,none,0.0,0,1781914261.47
WEB02077.jpg,none,0.0,0,1781914261.69
WEB02090.jpg,none,0.0,0,1781914261.93
WEB02101.jpg,none,0.0,0,1781914262.16
WEB02110.jpg,none,0.0,0,1781914262.4
WEB02111.jpg,none,0.0,0,1781914262.63
WEB02115.jpg,none,0.0,0,1781914262.87
WEB02119.jpg,none,0.0,0,1781914263.1
WEB02130.jpg,none,0.0,0,1781914263.34
WEB02132.jpg,none,0.0,0,1781914263.58
WEB02133.jpg,none,0.0,0,1781914263.81
WEB02137.jpg,none,0.0,0,1781914264.05
WEB02150.jpg,none,0.0,0,1781914264.28
WEB02163.jpg,none,0.0,0,1781914264.52
WEB02175.jpg,none,0.0,0,1781914264.76
WEB02187.jpg,none,0.0,0,1781914264.99
WEB02189.jpg,none,0.0,0,1781914265.22
WEB02197.jpg,none,0.0,0,1781914265.45
WEB02212.jpg,none,0.0,0,1781914265.69
WEB02219.jpg,fire,0.3624,1,1781914265.99
WEB02231.jpg,none,0.0,0,1781914266.28
WEB02232.jpg,none,0.0,0,1781914266.42
WEB02242.jpg,fire,0.5639,1,1781914266.81
WEB02243.jpg,fire,0.2629,1,1781914267.06
WEB02252.jpg,none,0.0,0,1781914267.29
WEB02262.jpg,none,0.0,0,1781914267.57
WEB02274.jpg,none,0.0,0,1781914267.81
WEB02277.jpg,none,0.0,0,1781914268.04
WEB02282.jpg,none,0.0,0,1781914268.33
WEB02286.jpg,none,0.0,0,1781914268.58
WEB02291.jpg,none,0.0,0,1781914268.87
WEB02296.jpg,none,0.0,0,1781914269.14
WEB02320.jpg,none,0.0,0,1781914269.37
WEB02325.jpg,none,0.0,0,1781914269.61
WEB02331.jpg,none,0.0,0,1781914269.85
WEB02332.jpg,none,0.0,0,1781914270.08
WEB02359.jpg,none,0.0,0,1781914270.32
WEB02374.jpg,none,0.0,0,1781914270.55
WEB02384.jpg,none,0.0,0,1781914270.79
WEB02393.jpg,none,0.0,0,1781914271.03
WEB02432.jpg,none,0.0,0,1781914271.27
WEB02434.jpg,none,0.0,0,1781914271.5
WEB02448.jpg,none,0.0,0,1781914271.74
WEB02503.jpg,fire,0.8093,1,1781914272.01
WEB02514.jpg,none,0.0,0,1781914272.3
WEB02544.jpg,none,0.0,0,1781914272.58
WEB02545.jpg,none,0.0,0,1781914272.86
WEB02586.jpg,none,0.0,0,1781914273.08
WEB02611.jpg,none,0.0,0,1781914273.36
WEB02612.jpg,none,0.0,0,1781914273.66
WEB02630.jpg,smoke,0.6648,1,1781914273.95
WEB02636.jpg,none,0.0,0,1781914274.33
WEB02657.jpg,none,0.0,0,1781914274.61
WEB02658.jpg,none,0.0,0,1781914274.9
WEB02660.jpg,none,0.0,0,1781914275.19
WEB02684.jpg,none,0.0,0,1781914275.45
WEB02690.jpg,none,0.0,0,1781914275.74
WEB02694.jpg,none,0.0,0,1781914276.03
WEB02697.jpg,none,0.0,0,1781914276.3
WEB02710.jpg,none,0.0,0,1781914276.49
WEB02713.jpg,none,0.0,0,1781914276.8
WEB02730.jpg,none,0.0,0,1781914277.09
WEB02752.jpg,none,0.0,0,1781914277.36
WEB02754.jpg,none,0.0,0,1781914277.65
WEB02755.jpg,fire,0.3613,4,1781914277.92
WEB02762.jpg,none,0.0,0,1781914278.2
WEB02771.jpg,none,0.0,0,1781914278.49
WEB02780.jpg,none,0.0,0,1781914278.78
WEB02785.jpg,none,0.0,0,1781914279.06
WEB02786.jpg,none,0.0,0,1781914279.35
WEB02787.jpg,none,0.0,0,1781914279.63
WEB02788.jpg,none,0.0,0,1781914279.92
WEB02792.jpg,none,0.0,0,1781914280.21
WEB02793.jpg,none,0.0,0,1781914280.5
WEB02797.jpg,none,0.0,0,1781914280.78
WEB02798.jpg,none,0.0,0,1781914281.09
WEB02799.jpg,none,0.0,0,1781914281.34
WEB02815.jpg,none,0.0,0,1781914281.57
WEB02827.jpg,none,0.0,0,1781914281.84
WEB02846.jpg,none,0.0,0,1781914282.14
WEB02847.jpg,none,0.0,0,1781914282.41
WEB02855.jpg,none,0.0,0,1781914282.68
WEB02857.jpg,none,0.0,0,1781914282.98
WEB02861.jpg,none,0.0,0,1781914283.2
WEB02871.jpg,none,0.0,0,1781914283.42
WEB02881.jpg,none,0.0,0,1781914283.65
WEB02883.jpg,none,0.0,0,1781914283.94
WEB02886.jpg,none,0.0,0,1781914284.17
WEB02907.jpg,none,0.0,0,1781914284.42
WEB02911.jpg,none,0.0,0,1781914284.64
WEB02925.jpg,none,0.0,0,1781914285.02
WEB02945.jpg,none,0.0,0,1781914285.25
WEB02955.jpg,none,0.0,0,1781914285.48
WEB02962.jpg,none,0.0,0,1781914285.71
WEB02970.jpg,none,0.0,0,1781914285.94
WEB02975.jpg,none,0.0,0,1781914286.23
WEB02991.jpg,none,0.0,0,1781914286.54
WEB03005.jpg,none,0.0,0,1781914286.77
WEB03015.jpg,none,0.0,0,1781914287.0
WEB03034.jpg,none,0.0,0,1781914287.24
WEB03056.jpg,none,0.0,0,1781914287.47
WEB03060.jpg,none,0.0,0,1781914287.7
WEB03082.jpg,none,0.0,0,1781914287.93
WEB03096.jpg,none,0.0,0,1781914288.17
WEB03102.jpg,none,0.0,0,1781914288.4
WEB03110.jpg,none,0.0,0,1781914288.64
WEB03129.jpg,none,0.0,0,1781914288.88
WEB03136.jpg,none,0.0,0,1781914289.11
WEB03141.jpg,none,0.0,0,1781914289.34
WEB03153.jpg,none,0.0,0,1781914289.61
WEB03164.jpg,none,0.0,0,1781914289.8
WEB03168.jpg,none,0.0,0,1781914290.0
WEB03170.jpg,none,0.0,0,1781914290.31
WEB03193.jpg,none,0.0,0,1781914290.61
WEB03202.jpg,none,0.0,0,1781914290.92
WEB03217.jpg,none,0.0,0,1781914291.19
WEB03226.jpg,none,0.0,0,1781914291.4
WEB03233.jpg,none,0.0,0,1781914291.62
WEB03245.jpg,none,0.0,0,1781914291.82
WEB03251.jpg,none,0.0,0,1781914292.03
WEB03252.jpg,none,0.0,0,1781914292.25
WEB03258.jpg,none,0.0,0,1781914292.52
WEB03279.jpg,none,0.0,0,1781914292.75
WEB03282.jpg,none,0.0,0,1781914292.95
WEB03289.jpg,none,0.0,0,1781914293.25
WEB03290.jpg,none,0.0,0,1781914293.52
WEB03291.jpg,none,0.0,0,1781914293.89
WEB03293.jpg,none,0.0,0,1781914294.16
WEB03298.jpg,none,0.0,0,1781914294.4
WEB03304.jpg,none,0.0,0,1781914294.67
WEB03306.jpg,none,0.0,0,1781914294.93
WEB03308.jpg,none,0.0,0,1781914295.15
WEB03312.jpg,none,0.0,0,1781914295.45
WEB03321.jpg,none,0.0,0,1781914295.72
WEB03323.jpg,none,0.0,0,1781914295.99
WEB03330.jpg,none,0.0,0,1781914296.3
WEB03333.jpg,none,0.0,0,1781914296.51
WEB03345.jpg,none,0.0,0,1781914296.75
WEB03356.jpg,none,0.0,0,1781914297.02
WEB03387.jpg,none,0.0,0,1781914297.32
WEB03396.jpg,none,0.0,0,1781914297.57
WEB03400.jpg,none,0.0,0,1781914297.87
WEB03401.jpg,none,0.0,0,1781914298.16
WEB03438.jpg,none,0.0,0,1781914298.47
WEB03443.jpg,none,0.0,0,1781914298.7
WEB03458.jpg,none,0.0,0,1781914298.9
WEB03460.jpg,none,0.0,0,1781914299.2
WEB03475.jpg,none,0.0,0,1781914299.4
WEB03477.jpg,none,0.0,0,1781914299.67
WEB03479.jpg,none,0.0,0,1781914299.97
WEB03482.jpg,none,0.0,0,1781914300.24
WEB03487.jpg,none,0.0,0,1781914300.6
WEB03488.jpg,none,0.0,0,1781914300.85
WEB03494.jpg,none,0.0,0,1781914301.07
WEB03518.jpg,none,0.0,0,1781914301.26
WEB03536.jpg,none,0.0,0,1781914301.53
WEB03560.jpg,none,0.0,0,1781914301.75
WEB03576.jpg,none,0.0,0,1781914302.03
WEB03594.jpg,none,0.0,0,1781914302.32
WEB03599.jpg,none,0.0,0,1781914302.59
WEB03606.jpg,fire,0.2742,1,1781914302.78
WEB03636.jpg,none,0.0,0,1781914303.02
WEB03645.jpg,none,0.0,0,1781914303.25
WEB03650.jpg,none,0.0,0,1781914303.49
WEB03664.jpg,none,0.0,0,1781914303.72
WEB03686.jpg,smoke,0.74,1,1781914303.96
WEB03691.jpg,fire,0.8162,7,1781914304.18
WEB03693.jpg,fire,0.8548,1,1781914304.4
WEB03698.jpg,fire,0.6854,18,1781914304.56
WEB03715.jpg,fire,0.7237,2,1781914304.75
WEB03728.jpg,fire,0.7881,4,1781914305.02
WEB03736.jpg,smoke,0.7676,2,1781914305.33
WEB03747.jpg,fire,0.8138,2,1781914305.6
WEB03761.jpg,smoke,0.6834,4,1781914305.83
WEB03764.jpg,fire,0.7213,4,1781914306.06
WEB03769.jpg,smoke,0.6418,8,1781914306.29
WEB03783.jpg,smoke,0.8313,2,1781914306.58
WEB03809.jpg,fire,0.7798,4,1781914306.81
WEB03812.jpg,smoke,0.7555,6,1781914307.03
WEB03828.jpg,smoke,0.7855,3,1781914307.26
WEB03835.jpg,smoke,0.7711,2,1781914307.5
WEB03842.jpg,smoke,0.8261,3,1781914307.73
WEB03855.jpg,smoke,0.7742,5,1781914307.96
WEB03860.jpg,fire,0.7567,1,1781914308.19
WEB03865.jpg,smoke,0.7035,3,1781914308.43
WEB03868.jpg,fire,0.7146,3,1781914308.64
WEB03872.jpg,smoke,0.603,3,1781914309.02
WEB03875.jpg,smoke,0.5566,2,1781914309.28
WEB03886.jpg,smoke,0.3408,3,1781914309.52
WEB03891.jpg,smoke,0.9123,2,1781914309.79
WEB03910.jpg,fire,0.7112,2,1781914310.02
WEB03911.jpg,smoke,0.7438,2,1781914310.25
WEB03912.jpg,fire,0.7717,4,1781914310.49
WEB03922.jpg,smoke,0.7393,3,1781914310.72
WEB03928.jpg,fire,0.4495,2,1781914310.95
WEB03932.jpg,smoke,0.779,3,1781914311.19
WEB03953.jpg,fire,0.538,8,1781914311.46
WEB03956.jpg,fire,0.6785,4,1781914311.61
WEB03964.jpg,fire,0.7125,6,1781914311.85
WEB03965.jpg,smoke,0.5757,5,1781914312.1
WEB03989.jpg,smoke,0.5203,3,1781914312.33
WEB04009.jpg,fire,0.6915,3,1781914312.56
WEB04010.jpg,fire,0.7917,5,1781914312.79
WEB04030.jpg,smoke,0.8524,1,1781914313.03
WEB04040.jpg,smoke,0.8254,4,1781914313.3
WEB04046.jpg,fire,0.6407,2,1781914313.53
WEB04052.jpg,smoke,0.7928,3,1781914313.71
WEB04061.jpg,fire,0.4469,2,1781914313.93
WEB04072.jpg,smoke,0.4955,4,1781914314.2
WEB04097.jpg,fire,0.7333,1,1781914314.43
WEB04101.jpg,fire,0.8423,5,1781914314.81
WEB04113.jpg,smoke,0.7721,4,1781914315.04
WEB04118.jpg,smoke,0.6133,2,1781914315.28
WEB04119.jpg,smoke,0.7333,4,1781914315.52
WEB04120.jpg,smoke,0.8386,4,1781914315.77
WEB04123.jpg,fire,0.7278,3,1781914316.0
WEB04154.jpg,smoke,0.7565,2,1781914316.24
WEB04165.jpg,smoke,0.6766,2,1781914316.59
WEB04178.jpg,smoke,0.598,2,1781914316.82
WEB04185.jpg,smoke,0.8453,3,1781914317.09
WEB04188.jpg,fire,0.7955,5,1781914317.32
WEB04207.jpg,smoke,0.8016,6,1781914317.61
WEB04214.jpg,smoke,0.6565,3,1781914317.87
WEB04225.jpg,smoke,0.6706,2,1781914318.16
WEB04242.jpg,fire,0.5713,2,1781914318.39
WEB04267.jpg,smoke,0.8643,2,1781914318.66
WEB04277.jpg,fire,0.8017,2,1781914318.94
WEB04285.jpg,fire,0.6311,5,1781914319.19
WEB04307.jpg,smoke,0.5401,3,1781914319.47
WEB04322.jpg,fire,0.6528,2,1781914319.74
WEB04335.jpg,smoke,0.3873,4,1781914320.01
WEB04336.jpg,fire,0.708,3,1781914320.24
WEB04343.jpg,fire,0.8402,3,1781914320.49
WEB04344.jpg,smoke,0.7098,1,1781914320.77
WEB04347.jpg,fire,0.7688,7,1781914321.01
WEB04359.jpg,smoke,0.4144,5,1781914321.26
WEB04370.jpg,smoke,0.6462,4,1781914321.51
WEB04378.jpg,fire,0.4514,6,1781914321.74
WEB04385.jpg,fire,0.7937,1,1781914321.98
WEB04390.jpg,smoke,0.7208,4,1781914322.22
WEB04392.jpg,smoke,0.8315,4,1781914322.5
WEB04398.jpg,fire,0.7528,3,1781914322.77
WEB04400.jpg,fire,0.8434,5,1781914323.04
WEB04404.jpg,fire,0.7446,4,1781914323.33
WEB04430.jpg,smoke,0.4663,1,1781914323.59
WEB04450.jpg,none,0.0,0,1781914323.81
WEB04457.jpg,fire,0.7601,9,1781914324.04
WEB04484.jpg,none,0.0,0,1781914324.27
WEB04485.jpg,smoke,0.6008,3,1781914324.54
WEB04487.jpg,smoke,0.6202,4,1781914324.91
WEB04497.jpg,smoke,0.5484,3,1781914325.13
WEB04513.jpg,fire,0.695,4,1781914325.41
WEB04517.jpg,fire,0.7013,2,1781914325.66
WEB04532.jpg,smoke,0.6934,8,1781914325.89
WEB04539.jpg,smoke,0.669,4,1781914326.14
WEB04548.jpg,smoke,0.8577,3,1781914326.37
WEB04555.jpg,smoke,0.7408,3,1781914326.66
WEB04578.jpg,smoke,0.8193,2,1781914326.91
WEB04583.jpg,smoke,0.3717,1,1781914327.14
WEB04587.jpg,smoke,0.7496,2,1781914327.36
WEB04589.jpg,smoke,0.8727,5,1781914327.59
WEB04605.jpg,smoke,0.6564,2,1781914327.82
WEB04606.jpg,fire,0.6202,4,1781914328.05
WEB04610.jpg,smoke,0.6835,3,1781914328.28
WEB04619.jpg,smoke,0.7749,5,1781914328.51
WEB04623.jpg,smoke,0.7613,5,1781914328.75
WEB04629.jpg,smoke,0.6773,5,1781914328.98
WEB04656.jpg,smoke,0.6309,7,1781914329.21
WEB04659.jpg,fire,0.5709,5,1781914329.44
WEB04669.jpg,fire,0.6691,6,1781914329.67
WEB04680.jpg,fire,0.618,2,1781914329.88
WEB04684.jpg,smoke,0.6831,6,1781914330.08
WEB04718.jpg,fire,0.7749,5,1781914330.31
WEB04722.jpg,smoke,0.8284,1,1781914330.54
WEB04732.jpg,smoke,0.6049,1,1781914330.77
WEB04741.jpg,smoke,0.7446,10,1781914331.0
WEB04743.jpg,smoke,0.6986,6,1781914331.23
WEB04746.jpg,smoke,0.6843,9,1781914331.47
WEB04755.jpg,smoke,0.8824,5,1781914331.7
WEB04757.jpg,smoke,0.4275,4,1781914331.93
WEB04762.jpg,fire,0.7682,5,1781914332.14
WEB04764.jpg,fire,0.7962,7,1781914332.36
WEB04778.jpg,smoke,0.6013,3,1781914332.64
WEB04784.jpg,smoke,0.7105,6,1781914332.87
WEB04794.jpg,smoke,0.8173,3,1781914333.14
WEB04816.jpg,fire,0.7701,6,1781914333.37
WEB04820.jpg,smoke,0.6199,6,1781914333.6
WEB04821.jpg,fire,0.832,7,1781914333.83
WEB04826.jpg,fire,0.773,3,1781914334.08
WEB04846.jpg,smoke,0.7882,7,1781914334.32
WEB04854.jpg,smoke,0.6884,7,1781914334.55
WEB04860.jpg,smoke,0.7591,3,1781914334.78
WEB04861.jpg,smoke,0.7218,4,1781914335.01
WEB04862.jpg,smoke,0.6877,5,1781914335.24
WEB04873.jpg,smoke,0.7199,2,1781914335.47
WEB04883.jpg,smoke,0.7949,4,1781914335.7
WEB04889.jpg,smoke,0.8023,4,1781914335.93
WEB04892.jpg,smoke,0.5874,2,1781914336.17
WEB04906.jpg,fire,0.7055,5,1781914336.4
WEB04909.jpg,fire,0.7415,3,1781914336.63
WEB04910.jpg,fire,0.7597,2,1781914336.86
WEB04928.jpg,fire,0.5297,5,1781914337.08
WEB04932.jpg,fire,0.8055,3,1781914337.3
WEB04944.jpg,fire,0.6902,2,1781914337.53
WEB04957.jpg,fire,0.7928,3,1781914337.76
WEB04970.jpg,fire,0.8097,6,1781914338.03
WEB04981.jpg,smoke,0.8652,8,1781914338.26
WEB04989.jpg,smoke,0.8607,7,1781914338.49
WEB04990.jpg,fire,0.8531,9,1781914338.72
WEB05004.jpg,smoke,0.8,9,1781914338.96
WEB05030.jpg,smoke,0.8066,4,1781914339.19
WEB05039.jpg,fire,0.5232,3,1781914339.43
WEB05054.jpg,fire,0.8379,4,1781914339.64
WEB05060.jpg,smoke,0.7696,4,1781914339.88
WEB05068.jpg,fire,0.8161,2,1781914340.09
WEB05072.jpg,fire,0.6929,6,1781914340.32
WEB05092.jpg,fire,0.8149,4,1781914340.55
WEB05094.jpg,smoke,0.85,5,1781914340.78
WEB05095.jpg,smoke,0.5828,5,1781914341.02
WEB05098.jpg,smoke,0.7389,10,1781914341.25
WEB05113.jpg,fire,0.8827,5,1781914341.48
WEB05129.jpg,fire,0.7585,8,1781914341.71
WEB05132.jpg,fire,0.6522,5,1781914341.94
WEB05137.jpg,smoke,0.792,3,1781914342.18
WEB05159.jpg,fire,0.8513,4,1781914342.55
WEB05170.jpg,smoke,0.8993,7,1781914342.78
WEB05175.jpg,smoke,0.8697,7,1781914343.02
WEB05186.jpg,smoke,0.8372,5,1781914343.25
WEB05198.jpg,fire,0.8559,5,1781914343.48
WEB05203.jpg,smoke,0.8938,7,1781914343.71
WEB05205.jpg,smoke,0.8334,6,1781914343.94
WEB05221.jpg,smoke,0.8317,6,1781914344.17
WEB05241.jpg,fire,0.7677,8,1781914344.41
WEB05244.jpg,smoke,0.8453,6,1781914344.64
WEB05250.jpg,smoke,0.8766,6,1781914344.87
WEB05273.jpg,fire,0.7392,4,1781914345.1
WEB05281.jpg,smoke,0.7343,10,1781914345.33
WEB05298.jpg,smoke,0.9011,4,1781914345.57
WEB05305.jpg,smoke,0.8963,3,1781914345.78
WEB05306.jpg,fire,0.6777,3,1781914346.01
WEB05311.jpg,fire,0.6198,2,1781914346.23
WEB05320.jpg,fire,0.8405,4,1781914346.46
WEB05344.jpg,smoke,0.7298,6,1781914346.69
WEB05346.jpg,smoke,0.7264,3,1781914346.92
WEB05347.jpg,fire,0.7646,6,1781914347.15
WEB05350.jpg,smoke,0.8277,1,1781914347.38
WEB05360.jpg,smoke,0.754,4,1781914347.62
WEB05369.jpg,fire,0.6883,3,1781914347.85
WEB05377.jpg,none,0.0,0,1781914348.08
WEB05389.jpg,smoke,0.6304,2,1781914348.31
WEB05394.jpg,smoke,0.6428,3,1781914348.6
WEB05404.jpg,smoke,0.7685,2,1781914348.88
WEB05420.jpg,smoke,0.7882,3,1781914349.1
WEB05429.jpg,fire,0.8353,4,1781914349.31
WEB05432.jpg,fire,0.8374,3,1781914349.53
WEB05442.jpg,smoke,0.593,2,1781914349.75
WEB05445.jpg,smoke,0.746,2,1781914349.98
WEB05449.jpg,smoke,0.8826,2,1781914350.29
WEB05455.jpg,smoke,0.7971,4,1781914350.53
WEB05462.jpg,smoke,0.5923,4,1781914350.81
WEB05483.jpg,smoke,0.6178,2,1781914351.03
WEB05498.jpg,fire,0.8249,5,1781914351.26
WEB05511.jpg,smoke,0.8181,6,1781914351.5
WEB05516.jpg,smoke,0.3201,2,1781914351.73
WEB05520.jpg,smoke,0.7615,7,1781914351.96
WEB05529.jpg,fire,0.8502,1,1781914352.2
WEB05544.jpg,fire,0.8295,5,1781914352.43
WEB05550.jpg,fire,0.7752,5,1781914352.66
WEB05555.jpg,none,0.0,0,1781914352.89
WEB05556.jpg,smoke,0.4143,2,1781914353.12
WEB05574.jpg,smoke,0.7918,4,1781914353.36
WEB05612.jpg,fire,0.777,5,1781914353.59
WEB05614.jpg,fire,0.7852,4,1781914353.83
WEB05620.jpg,smoke,0.6212,6,1781914354.06
WEB05622.jpg,fire,0.849,2,1781914354.32
WEB05645.jpg,fire,0.7761,2,1781914354.55
WEB05646.jpg,fire,0.4668,3,1781914354.79
WEB05655.jpg,fire,0.8208,5,1781914355.02
WEB05656.jpg,fire,0.7143,4,1781914355.26
WEB05665.jpg,fire,0.8141,8,1781914355.49
WEB05672.jpg,fire,0.7571,3,1781914355.72
WEB05690.jpg,smoke,0.6644,4,1781914355.96
WEB05696.jpg,smoke,0.7316,4,1781914356.19
WEB05698.jpg,smoke,0.5304,5,1781914356.43
WEB05705.jpg,fire,0.8259,3,1781914356.7
WEB05710.jpg,fire,0.7388,4,1781914356.97
WEB05711.jpg,fire,0.7161,10,1781914357.24
WEB05718.jpg,fire,0.7742,3,1781914357.45
WEB05735.jpg,smoke,0.6544,5,1781914357.66
WEB05739.jpg,smoke,0.4148,2,1781914357.87
WEB05746.jpg,smoke,0.4694,5,1781914358.09
WEB05758.jpg,smoke,0.6372,5,1781914358.3
WEB05763.jpg,smoke,0.73,4,1781914358.51
WEB05768.jpg,smoke,0.5085,7,1781914358.72
WEB05775.jpg,fire,0.5555,3,1781914358.94
WEB05780.jpg,fire,0.6261,8,1781914359.15
WEB05782.jpg,smoke,0.5772,8,1781914359.36
WEB05788.jpg,fire,0.6544,10,1781914359.57
WEB05812.jpg,smoke,0.5678,6,1781914359.79
WEB05822.jpg,fire,0.692,6,1781914360.0
WEB05825.jpg,fire,0.6613,3,1781914360.21
WEB05828.jpg,fire,0.7322,2,1781914360.42
WEB05830.jpg,fire,0.569,3,1781914360.67
WEB05833.jpg,fire,0.8629,3,1781914360.88
WEB05838.jpg,fire,0.7087,3,1781914361.1
WEB05843.jpg,fire,0.8981,12,1781914361.33
WEB05848.jpg,fire,0.9193,7,1781914361.56
WEB05850.jpg,fire,0.784,7,1781914361.8
WEB05864.jpg,fire,0.6719,4,1781914362.06
WEB05879.jpg,fire,0.8331,8,1781914362.3
WEB05900.jpg,smoke,0.6683,7,1781914362.53
WEB05924.jpg,smoke,0.6329,3,1781914362.76
WEB05925.jpg,smoke,0.6847,5,1781914362.99
WEB05926.jpg,smoke,0.7086,5,1781914363.23
WEB05932.jpg,smoke,0.7696,1,1781914363.46
WEB05944.jpg,smoke,0.8252,3,1781914363.75
WEB05945.jpg,smoke,0.7358,2,1781914364.03
WEB05958.jpg,smoke,0.7333,5,1781914364.26
WEB05966.jpg,fire,0.8257,6,1781914364.5
WEB05997.jpg,smoke,0.5344,8,1781914364.73
WEB05998.jpg,fire,0.4848,7,1781914364.96
WEB06009.jpg,fire,0.7475,1,1781914365.23
WEB06010.jpg,fire,0.5201,1,1781914365.46
WEB06031.jpg,fire,0.891,1,1781914365.7
WEB06054.jpg,fire,0.7263,1,1781914365.93
WEB06069.jpg,fire,0.677,3,1781914366.16
WEB06081.jpg,fire,0.8403,3,1781914366.47
WEB06089.jpg,fire,0.7977,1,1781914366.66
WEB06111.jpg,fire,0.8768,1,1781914366.89
WEB06117.jpg,fire,0.8447,1,1781914367.13
WEB06120.jpg,fire,0.8015,1,1781914367.36
WEB06130.jpg,fire,0.7988,2,1781914367.59
WEB06161.jpg,fire,0.6829,1,1781914367.82
WEB06180.jpg,smoke,0.3091,1,1781914368.18
WEB06183.jpg,fire,0.7926,1,1781914368.38
WEB06184.jpg,fire,0.6786,1,1781914368.58
WEB06199.jpg,fire,0.7858,1,1781914368.77
WEB06207.jpg,fire,0.5367,2,1781914369.01
WEB06210.jpg,fire,0.6999,2,1781914369.25
WEB06224.jpg,none,0.0,0,1781914369.48
WEB06226.jpg,fire,0.6737,2,1781914369.74
WEB06235.jpg,fire,0.6955,1,1781914369.98
WEB06239.jpg,fire,0.6102,2,1781914370.26
WEB06248.jpg,none,0.0,0,1781914370.55
WEB06255.jpg,fire,0.7993,1,1781914370.78
WEB06268.jpg,smoke,0.744,10,1781914370.99
WEB06270.jpg,fire,0.6756,7,1781914371.23
WEB06274.jpg,fire,0.597,1,1781914371.46
WEB06299.jpg,fire,0.3617,1,1781914371.69
WEB06340.jpg,fire,0.8024,1,1781914371.94
WEB06344.jpg,fire,0.8264,2,1781914372.23
WEB06364.jpg,fire,0.5724,2,1781914372.52
WEB06384.jpg,fire,0.7813,1,1781914372.8
WEB06386.jpg,fire,0.8354,4,1781914373.11
WEB06387.jpg,fire,0.6247,1,1781914373.38
WEB06405.jpg,fire,0.7653,1,1781914373.62
WEB06438.jpg,fire,0.7994,1,1781914373.91
WEB06442.jpg,fire,0.8632,1,1781914374.2
WEB06479.jpg,fire,0.7758,1,1781914374.44
WEB06506.jpg,fire,0.5511,1,1781914374.65
WEB06516.jpg,fire,0.6959,1,1781914374.96
WEB06526.jpg,fire,0.47,1,1781914375.17
WEB06553.jpg,fire,0.6163,1,1781914375.39
WEB06556.jpg,smoke,0.6439,3,1781914375.62
WEB06559.jpg,smoke,0.4753,2,1781914375.86
WEB06571.jpg,fire,0.7697,1,1781914376.09
WEB06579.jpg,fire,0.8189,1,1781914376.32
WEB06592.jpg,fire,0.6686,1,1781914376.55
WEB06599.jpg,fire,0.2945,1,1781914376.78
WEB06614.jpg,fire,0.2619,1,1781914377.02
WEB06615.jpg,fire,0.8127,1,1781914377.25
WEB06617.jpg,fire,0.8515,3,1781914377.46
WEB06627.jpg,fire,0.3912,1,1781914377.68
WEB06630.jpg,fire,0.4016,2,1781914377.89
WEB06646.jpg,fire,0.8011,1,1781914378.1
WEB06664.jpg,fire,0.5835,1,1781914378.31
WEB06669.jpg,fire,0.2819,1,1781914378.53
WEB06677.jpg,fire,0.5631,2,1781914378.74
WEB06682.jpg,fire,0.6947,2,1781914378.95
WEB06685.jpg,fire,0.9273,2,1781914379.19
WEB06721.jpg,fire,0.7906,2,1781914379.42
WEB06736.jpg,fire,0.692,3,1781914379.65
WEB06738.jpg,smoke,0.3721,4,1781914379.88
WEB06754.jpg,fire,0.5629,3,1781914380.12
WEB06756.jpg,fire,0.6241,3,1781914380.35
WEB06776.jpg,fire,0.8551,5,1781914380.58
WEB06794.jpg,fire,0.6675,2,1781914380.81
WEB06800.jpg,fire,0.8206,2,1781914381.05
WEB06801.jpg,fire,0.8028,1,1781914381.28
WEB06807.jpg,fire,0.8129,2,1781914381.52
WEB06854.jpg,fire,0.7538,5,1781914381.75
WEB06873.jpg,fire,0.8683,1,1781914382.04
WEB06876.jpg,fire,0.4913,3,1781914382.25
WEB06907.jpg,fire,0.7778,1,1781914382.48
WEB06958.jpg,fire,0.7881,1,1781914382.72
WEB06964.jpg,smoke,0.6802,2,1781914383.06
WEB06971.jpg,fire,0.8086,9,1781914383.29
WEB06978.jpg,smoke,0.7389,7,1781914383.58
WEB06980.jpg,smoke,0.7216,5,1781914383.86
WEB06982.jpg,fire,0.5888,5,1781914384.14
WEB07007.jpg,fire,0.8351,4,1781914384.38
WEB07018.jpg,fire,0.7659,1,1781914384.61
WEB07019.jpg,fire,0.5886,1,1781914384.84
WEB07021.jpg,fire,0.3445,2,1781914385.08
WEB07035.jpg,fire,0.8018,1,1781914385.31
WEB07041.jpg,fire,0.888,4,1781914385.54
WEB07043.jpg,fire,0.8408,1,1781914385.77
WEB07044.jpg,fire,0.7699,3,1781914386.04
WEB07047.jpg,fire,0.6097,1,1781914386.33
WEB07064.jpg,fire,0.857,2,1781914386.56
WEB07092.jpg,none,0.0,0,1781914386.79
WEB07093.jpg,fire,0.3205,1,1781914387.03
WEB07094.jpg,none,0.0,0,1781914387.26
WEB07101.jpg,fire,0.4294,1,1781914387.5
WEB07111.jpg,fire,0.7002,1,1781914387.73
WEB07117.jpg,fire,0.5601,1,1781914387.97
WEB07125.jpg,fire,0.4658,1,1781914388.2
WEB07134.jpg,smoke,0.5656,7,1781914388.43
WEB07138.jpg,fire,0.8148,2,1781914388.72
WEB07141.jpg,fire,0.7945,5,1781914388.95
WEB07143.jpg,fire,0.8353,4,1781914389.12
WEB07147.jpg,smoke,0.5832,3,1781914389.36
WEB07156.jpg,fire,0.7734,3,1781914389.62
WEB07165.jpg,fire,0.6289,1,1781914389.85
WEB07189.jpg,fire,0.8136,2,1781914390.14
WEB07213.jpg,fire,0.4933,2,1781914390.37
WEB07218.jpg,fire,0.7838,1,1781914390.61
WEB07223.jpg,fire,0.6437,1,1781914390.84
WEB07293.jpg,fire,0.863,1,1781914391.11
WEB07298.jpg,fire,0.8381,4,1781914391.34
WEB07308.jpg,fire,0.7788,1,1781914391.6
WEB07321.jpg,fire,0.869,2,1781914391.89
WEB07341.jpg,fire,0.8207,2,1781914392.08
WEB07354.jpg,fire,0.8238,3,1781914392.35
WEB07374.jpg,smoke,0.6324,8,1781914392.56
WEB07378.jpg,fire,0.8185,3,1781914392.78
WEB07379.jpg,none,0.0,0,1781914392.99
WEB07392.jpg,fire,0.8664,1,1781914393.2
WEB07398.jpg,fire,0.508,2,1781914393.4
WEB07403.jpg,fire,0.7451,1,1781914393.65
WEB07410.jpg,fire,0.3652,3,1781914393.86
WEB07417.jpg,fire,0.8109,1,1781914394.08
WEB07419.jpg,fire,0.8276,1,1781914394.3
WEB07427.jpg,fire,0.8535,2,1781914394.52
WEB07462.jpg,fire,0.7839,1,1781914394.71
WEB07465.jpg,fire,0.7377,1,1781914394.93
WEB07478.jpg,fire,0.6638,5,1781914395.14
WEB07497.jpg,fire,0.7663,1,1781914395.37
WEB07513.jpg,fire,0.8296,1,1781914395.6
WEB07514.jpg,fire,0.7557,2,1781914395.83
WEB07529.jpg,fire,0.5508,1,1781914396.07
WEB07531.jpg,fire,0.8895,1,1781914396.3
WEB07532.jpg,fire,0.7027,2,1781914396.53
WEB07537.jpg,fire,0.7998,1,1781914396.77
WEB07560.jpg,fire,0.5374,2,1781914397.0
WEB07564.jpg,fire,0.7009,1,1781914397.23
WEB07565.jpg,fire,0.7102,3,1781914397.47
WEB07566.jpg,fire,0.8371,2,1781914397.7
WEB07576.jpg,fire,0.5623,1,1781914397.93
WEB07594.jpg,fire,0.703,1,1781914398.16
WEB07609.jpg,fire,0.3106,3,1781914398.45
WEB07624.jpg,fire,0.7834,2,1781914398.7
WEB07635.jpg,fire,0.8572,1,1781914398.94
WEB07656.jpg,fire,0.6009,2,1781914399.17
WEB07676.jpg,fire,0.7328,2,1781914399.4
WEB07704.jpg,fire,0.869,1,1781914399.63
WEB07733.jpg,fire,0.6302,4,1781914399.87
WEB07742.jpg,none,0.0,0,1781914400.15
WEB07754.jpg,fire,0.6767,1,1781914400.37
WEB07770.jpg,fire,0.5117,2,1781914400.65
WEB07777.jpg,fire,0.7133,1,1781914400.88
WEB07784.jpg,fire,0.8569,1,1781914401.12
WEB07799.jpg,fire,0.6521,1,1781914401.35
WEB07802.jpg,fire,0.7827,1,1781914401.58
WEB07811.jpg,fire,0.8223,1,1781914401.8
WEB07818.jpg,none,0.0,0,1781914402.01
WEB07829.jpg,none,0.0,0,1781914402.22
WEB07835.jpg,fire,0.6974,5,1781914402.46
WEB07846.jpg,fire,0.8643,1,1781914402.74
WEB07878.jpg,fire,0.6286,2,1781914402.97
WEB07911.jpg,fire,0.7225,3,1781914403.2
WEB07945.jpg,fire,0.2982,1,1781914403.43
WEB07946.jpg,fire,0.8033,2,1781914403.68
WEB07952.jpg,fire,0.4761,3,1781914403.91
WEB07955.jpg,fire,0.8404,2,1781914404.15
WEB07978.jpg,fire,0.7949,1,1781914404.36
WEB07984.jpg,fire,0.8181,1,1781914404.57
WEB07988.jpg,fire,0.7869,1,1781914404.78
WEB07991.jpg,fire,0.8306,1,1781914405.0
WEB08017.jpg,none,0.0,0,1781914405.23
WEB08031.jpg,fire,0.4823,3,1781914405.44
WEB08045.jpg,fire,0.6599,1,1781914405.65
WEB08051.jpg,fire,0.6592,1,1781914405.87
WEB08057.jpg,fire,0.7773,1,1781914406.12
WEB08062.jpg,fire,0.8392,1,1781914406.38
WEB08069.jpg,fire,0.5611,2,1781914406.6
WEB08071.jpg,fire,0.342,2,1781914406.81
WEB08072.jpg,fire,0.6727,1,1781914407.02
WEB08089.jpg,fire,0.6188,1,1781914407.23
WEB08093.jpg,fire,0.6195,1,1781914407.45
WEB08106.jpg,fire,0.7924,1,1781914407.68
WEB08129.jpg,fire,0.772,3,1781914407.91
WEB08149.jpg,fire,0.7423,1,1781914408.12
WEB08154.jpg,fire,0.7457,1,1781914408.37
WEB08159.jpg,fire,0.6462,1,1781914408.59
WEB08164.jpg,fire,0.7347,2,1781914408.8
WEB08165.jpg,smoke,0.7117,4,1781914409.03
WEB08187.jpg,fire,0.7193,1,1781914409.24
WEB08196.jpg,fire,0.8711,1,1781914409.42
WEB08202.jpg,none,0.0,0,1781914409.65
WEB08204.jpg,fire,0.8478,2,1781914409.88
WEB08212.jpg,fire,0.6436,1,1781914410.11
WEB08213.jpg,fire,0.7384,1,1781914410.34
WEB08244.jpg,fire,0.6016,1,1781914410.57
WEB08253.jpg,fire,0.5588,3,1781914410.8
WEB08255.jpg,fire,0.6606,2,1781914411.03
WEB08265.jpg,fire,0.848,1,1781914411.26
WEB08268.jpg,fire,0.5533,2,1781914411.49
WEB08272.jpg,fire,0.8753,1,1781914411.72
WEB08305.jpg,fire,0.7429,3,1781914411.92
WEB08310.jpg,fire,0.8507,3,1781914412.15
WEB08316.jpg,fire,0.8094,2,1781914412.38
WEB08317.jpg,smoke,0.6274,5,1781914412.61
WEB08319.jpg,fire,0.6214,3,1781914412.84
WEB08324.jpg,fire,0.7945,2,1781914413.07
WEB08328.jpg,fire,0.8096,1,1781914413.3
WEB08330.jpg,fire,0.4768,4,1781914413.53
WEB08334.jpg,fire,0.8794,1,1781914413.76
WEB08343.jpg,fire,0.846,1,1781914413.99
WEB08347.jpg,fire,0.6134,5,1781914414.22
WEB08354.jpg,fire,0.9097,2,1781914414.45
WEB08367.jpg,fire,0.7953,1,1781914414.72
WEB08371.jpg,fire,0.5196,2,1781914414.95
WEB08373.jpg,smoke,0.4621,2,1781914415.24
WEB08379.jpg,fire,0.73,3,1781914415.43
WEB08390.jpg,fire,0.8079,2,1781914415.66
WEB08394.jpg,fire,0.9141,1,1781914415.89
WEB08397.jpg,fire,0.8032,1,1781914416.13
WEB08417.jpg,fire,0.8767,1,1781914416.36
WEB08437.jpg,fire,0.7328,1,1781914416.59
WEB08446.jpg,none,0.0,0,1781914416.82
WEB08454.jpg,fire,0.2859,1,1781914417.05
WEB08461.jpg,fire,0.8442,2,1781914417.36
WEB08464.jpg,fire,0.8716,2,1781914417.66
WEB08473.jpg,fire,0.8232,2,1781914417.89
WEB08474.jpg,fire,0.8451,1,1781914418.13
WEB08479.jpg,fire,0.6177,3,1781914418.36
WEB08501.jpg,fire,0.8137,1,1781914418.74
WEB08517.jpg,fire,0.5876,1,1781914418.97
WEB08520.jpg,fire,0.4153,2,1781914419.2
WEB08533.jpg,fire,0.6563,1,1781914419.43
WEB08539.jpg,fire,0.4856,2,1781914419.66
WEB08549.jpg,fire,0.7296,1,1781914419.92
WEB08551.jpg,fire,0.8873,2,1781914420.21
WEB08556.jpg,fire,0.8129,1,1781914420.48
WEB08584.jpg,fire,0.7322,5,1781914420.71
WEB08597.jpg,fire,0.8605,1,1781914420.94
WEB08634.jpg,fire,0.5249,6,1781914421.17
WEB08642.jpg,fire,0.7823,2,1781914421.4
WEB08649.jpg,fire,0.8562,1,1781914421.64
WEB08653.jpg,fire,0.803,1,1781914421.87
WEB08664.jpg,fire,0.7557,2,1781914422.1
WEB08669.jpg,fire,0.692,2,1781914422.33
WEB08684.jpg,fire,0.816,1,1781914422.56
WEB08687.jpg,fire,0.8392,1,1781914422.79
WEB08697.jpg,fire,0.8444,2,1781914423.0
WEB08704.jpg,fire,0.8666,2,1781914423.22
WEB08710.jpg,fire,0.8662,1,1781914423.45
WEB08713.jpg,fire,0.8667,1,1781914423.68
WEB08714.jpg,fire,0.8698,1,1781914423.91
WEB08753.jpg,fire,0.5594,1,1781914424.14
WEB08770.jpg,fire,0.7832,1,1781914424.36
WEB08771.jpg,fire,0.765,1,1781914424.57
WEB08803.jpg,fire,0.8372,1,1781914424.8
WEB08804.jpg,fire,0.8111,2,1781914425.03
WEB08815.jpg,fire,0.8307,2,1781914425.41
WEB08821.jpg,fire,0.8129,2,1781914425.78
WEB08822.jpg,fire,0.7837,2,1781914426.16
WEB08823.jpg,fire,0.6599,2,1781914426.53
WEB08828.jpg,fire,0.7615,7,1781914426.76
WEB08835.jpg,fire,0.526,2,1781914426.99
WEB08846.jpg,smoke,0.8145,6,1781914427.22
WEB08857.jpg,fire,0.8307,1,1781914427.45
WEB08860.jpg,fire,0.8398,1,1781914427.68
WEB08861.jpg,fire,0.8038,2,1781914427.91
WEB08865.jpg,fire,0.8183,1,1781914428.13
WEB08873.jpg,smoke,0.7244,2,1781914428.34
WEB08882.jpg,fire,0.8524,2,1781914428.56
WEB08891.jpg,fire,0.8466,1,1781914428.79
WEB08898.jpg,fire,0.877,1,1781914429.02
WEB08974.jpg,fire,0.3309,1,1781914429.25
WEB08985.jpg,fire,0.5476,1,1781914429.52
WEB08990.jpg,fire,0.8004,1,1781914429.75
WEB08992.jpg,fire,0.6902,3,1781914430.04
WEB09002.jpg,none,0.0,0,1781914430.27
WEB09021.jpg,fire,0.3145,1,1781914430.5
WEB09024.jpg,fire,0.63,1,1781914430.73
WEB09035.jpg,fire,0.8364,2,1781914430.96
WEB09067.jpg,fire,0.8419,1,1781914431.19
WEB09074.jpg,fire,0.8323,2,1781914431.47
WEB09090.jpg,fire,0.7745,2,1781914431.71
WEB09091.jpg,fire,0.319,1,1781914431.96
WEB09101.jpg,fire,0.6428,1,1781914432.27
WEB09104.jpg,fire,0.6852,1,1781914432.48
WEB09108.jpg,fire,0.577,1,1781914432.71
WEB09118.jpg,fire,0.7993,3,1781914433.01
WEB09122.jpg,fire,0.7709,1,1781914433.24
WEB09123.jpg,none,0.0,0,1781914433.52
WEB09124.jpg,smoke,0.5365,7,1781914433.81
WEB09125.jpg,fire,0.7706,1,1781914434.11
WEB09129.jpg,fire,0.5898,1,1781914434.33
WEB09132.jpg,none,0.0,0,1781914434.56
WEB09137.jpg,none,0.0,0,1781914434.77
WEB09141.jpg,fire,0.6832,4,1781914435.06
WEB09157.jpg,fire,0.8324,2,1781914435.43
WEB09159.jpg,fire,0.801,1,1781914435.67
WEB09161.jpg,fire,0.7981,4,1781914435.93
WEB09174.jpg,none,0.0,0,1781914436.11
WEB09218.jpg,fire,0.4863,1,1781914436.36
WEB09219.jpg,fire,0.8385,2,1781914436.72
WEB09231.jpg,fire,0.6064,2,1781914436.98
WEB09240.jpg,fire,0.7994,1,1781914437.22
WEB09245.jpg,fire,0.8526,4,1781914437.5
WEB09250.jpg,fire,0.8464,5,1781914437.79
WEB09257.jpg,fire,0.5879,1,1781914438.07
WEB09259.jpg,smoke,0.7307,2,1781914438.34
WEB09268.jpg,none,0.0,0,1781914438.57
WEB09278.jpg,fire,0.3679,2,1781914438.8
WEB09280.jpg,fire,0.5272,2,1781914439.04
WEB09308.jpg,none,0.0,0,1781914439.27
WEB09314.jpg,fire,0.7681,1,1781914439.5
WEB09315.jpg,fire,0.8247,1,1781914439.73
WEB09317.jpg,fire,0.9146,2,1781914439.97
WEB09344.jpg,fire,0.6462,1,1781914440.25
WEB09345.jpg,fire,0.7716,1,1781914440.54
WEB09351.jpg,fire,0.7523,1,1781914440.77
WEB09361.jpg,fire,0.5055,1,1781914441.0
WEB09373.jpg,none,0.0,0,1781914441.24
WEB09377.jpg,fire,0.8647,1,1781914441.47
WEB09394.jpg,none,0.0,0,1781914441.7
WEB09398.jpg,none,0.0,0,1781914441.94
WEB09401.jpg,fire,0.8549,1,1781914442.2
WEB09407.jpg,fire,0.2822,1,1781914442.44
WEB09438.jpg,fire,0.8553,2,1781914442.7
